'K071', 'C', '1-b', '8-h', 'JUAN MOREL CAMPOS SECONDARY SCHOOL', '7-r', '7-m', '7-w'
'K265', 'B', '7-b', '2-h', 'DR. SUSAN S. MCKINNEY SECONDARY SCHOOL OF THE ARTS', '7-r', '6-m', '7-w'
'K393', 'F', '8-b', '1-h', 'FREDERICK DOUGLASS ACADEMY IV SECONDARY SCHOOL', '7-r', '7-m', '7-w'
'K409', 'A', '6-b', '3-h', 'EAST NEW YORK FAMILY ACADEMY', '8-r', '8-m', '7-w'
'K429', 'B', '5-b', '3-h', 'BROOKLYN SCHOOL FOR GLOBAL STUDIES', '7-r', '7-m', '7-w'
'K448', 'A', '3-b', '4-h', '1-wh', 'BROOKLYN SECONDARY SCHOOL FOR COLLABORATIVE STUDIES', '7-r', '7-m', '7-w'
'K462', 'None', '6-b', '2-h', 'SECONDARY SCHOOL FOR LAW', '7-r', '8-m', '7-w'
'K463', 'None', '4-b', '4-h', 'SECONDARY SCHOOL FOR JOURNALISM', '7-r', '7-m', '7-w'
'K464', 'C', '3-b', '5-h', 'PARK SLOPE COLLEGIATE', '7-r', '8-m', '7-w'
'K497', 'C', '4-b', '3-h', '1-wh', 'SCHOOL FOR INTERNATIONAL STUDIES', '8-r', '8-m', '7-w'
'K554', 'A', '1-b', '7-h', 'ALL CITY LEADERSHIP SECONDARY SCHOOL', '8-r', '9-m', '8-w'
'K555', 'A', '7-b', '1-h', 'BROOKLYN COLLEGE ACADEMY', '9-r', '9-m', '8-w'
'K586', 'B', '4-b', '5-h', 'LYONS COMMUNITY SCHOOL', '7-r', '7-m', '7-w'
'K690', 'B', '1-a', '2-h', '5-wh', 'BROOKLYN STUDIO SECONDARY SCHOOL', '8-r', '8-m', '8-w'
'K697', 'B', '8-b', '1-h', 'TEACHERS PREPARATORY HIGH SCHOOL', '7-r', '8-m', '7-w'
'M047', 'None', '3-b', '5-h', '47 THE AMERICAN SIGN LANGUAGE AND ENGLISH SECONDARY SCHOOL', '7-r', '8-m', '7-w'
'M292', 'C', '1-a', '2-b', '5-h', 'HENRY STREET SCHOOL FOR INTERNATIONAL STUDIES', '7-r', '8-m', '7-w'
'M367', 'D', '6-b', '3-h', 'ACADEMY FOR SOCIAL ACTION: A COLLEGE BOARD SCHOOL', '7-r', '7-m', '6-w'
'M407', 'B', '1-b', '1-h', '5-wh', 'INSTITUTE FOR COLLABORATIVE EDUCATION', '9-r', '9-m', '9-w'
'M408', 'B', '1-b', '2-h', '4-wh', 'PROFESSIONAL PERFORMING ARTS HIGH SCHOOL', '1', '9-m', '1'
'M413', 'A', '1-a', '1-b', '2-h', '3-wh', 'SCHOOL OF THE FUTURE HIGH SCHOOL', '1', '1', '1'
'M415', 'D', '5-b', '3-h', 'WADLEIGH SECONDARY SCHOOL FOR THE PERFORMING & VISUAL ARTS', '7-r', '7-m', '7-w'
'M509', 'None', '3-b', '5-h', 'MARTA VALLE HIGH SCHOOL', '7-r', '8-m', '7-w'
'M450', 'A', '2-b', '5-h', '1-wh', 'EAST SIDE COMMUNITY SCHOOL', '7-r', '8-m', '7-w'
'M469', 'B', '7-b', '2-h', 'CHOIR ACADEMY OF HARLEM', '7-r', '7-m', '7-w'
'M635', 'None', '2-b', '6-h', 'ACADEMY OF ENVIRONMENTAL SCIENCE SECONDARY HIGH SCHOOL', '7-r', '7-m', '7-w'
'M499', 'B', '7-b', '2-h', 'FREDERICK DOUGLASS ACADEMY', '9-r', '9-m', '8-w'
'M539', 'A', '2-a', '1-b', '1-h', '4-wh', 'NEW EXPLORATIONS INTO SCIENCE  TECHNOLOGY AND MATH HIGH SCHOOL', '1', '11-m', '1'
'M610', 'B', '3-b', '6-h', "YOUNG WOMEN'S LEADERSHIP SCHOOL", '8-r', '8-m', '8-w'
'M655', 'C', '2-b', '6-h', 'LIFE SCIENCES SECONDARY SCHOOL', '8-r', '8-m', '8-w'
'M670', 'D', '7-b', '2-h', 'THURGOOD MARSHALL ACADEMY FOR LEARNING AND SOCIAL CHANGE', '7-r', '8-m', '8-w'
'M860', 'F', '7-b', '1-h', 'FREDERICK DOUGLASS ACADEMY II SECONDARY SCHOOL', '7-r', '7-m', '7-w'
'Q252', 'C', '4-a', '1-b', '2-h', '1-wh', 'QUEENS SCHOOL OF INQUIRY  THE', '9-r', '9-m', '8-w'
'Q262', 'C', '5-b', '2-h', '1-wh', 'CHANNEL VIEW SCHOOL FOR RESEARCH', '8-r', '8-m', '8-w'
'Q281', 'B', '6-a', '1-b', '1-h', 'EASTsWEST SCHOOL OF INTERNATIONAL STUDIES', '8-r', '9-m', '7-w'
'Q283', 'A', '8-b', '1-h', 'PREPARATORY ACADEMY FOR WRITERS: A COLLEGE BOARD SCHOOL', '7-r', '7-m', '7-w'
'Q285', 'B', '1-a', '2-h', '5-wh', 'WORLD JOURNALISM PREPARATORY: A COLLEGE BOARD SCHOOL', '9-r', '9-m', '9-w'
'Q309', 'B', '5-b', '3-h', 'ACADEMY OF MEDICAL TECHNOLOGY: A COLLEGE BOARD SCHOOL', '7-r', '7-m', '6-w'
'Q310', 'C', '2-a', '4-b', '1-h', 'QUEENS COLLEGIATE: A COLLEGE BOARD SCHOOL', '8-r', '8-m', '8-w'
'Q323', 'A', '2-a', '1-b', '1-h', '4-wh', "SCHOLARS' ACADEMY", '9-r', '1', '9-w'
'Q560', 'B', '2-a', '6-h', '1-wh', 'ROBERT F. WAGNER  JR. SECONDARY SCHOOL FOR ARTS AND TECHNOLOGY', '8-r', '8-m', '8-w'
'Q580', 'B', '3-a', '2-h', '3-wh', 'BACCALAUREATE SCHOOL FOR GLOBAL EDUCATION', '1', '11-m', '1'
'Q680', 'C', '3-a', '4-b', '1-h', 'QUEENS GATEWAY TO HEALTH SCIENCES SECONDARY SCHOOL', '1', '1', '1'
'Q896', 'C', '2-a', '5-b', '1-h', "YOUNG WOMEN'S LEADERSHIP SCHOOL  QUEENS", '8-r', '8-m', '8-w'
'R080', 'C', '1-b', '1-h', '5-wh', 'THE MICHAEL J. PETRIDES SCHOOL', '9-r', '9-m', '9-w'
'X141', 'C', '1-b', '5-h', '2-wh', 'RIVERDALE / KINGSBRIDGE ACADEMY (MIDDLE SCHOOL / HIGH SCHOOL 141)', '8-r', '9-m', '8-w'
'X221', 'C', '2-b', '6-h', 'SOUTH BRONX PREPARATORY: A COLLEGE BOARD SCHOOL', '7-r', '7-m', '6-w'
'X225', 'C', '2-b', '6-h', 'THEATRE ARTS PRODUCTION COMPANY SCHOOL', '8-r', '7-m', '7-w'
'X237', 'None', '3-b', '5-h', 'THE MARIE CURIE SCHOOL FOR MEDICINE  NURSING  AND HEALTH PROFESSIONS', '7-r', '7-m', '7-w'
'X245', 'None', '4-b', '5-h', 'NEW DAY ACADEMY', '6-r', '6-m', '7-w'
'X250', 'None', '4-b', '5-h', 'EXIMIUS COLLEGE PREPARATORY ACADEMY: A COLLEGE BOARD SCHOOL', '7-r', '7-m', '7-w'
'X241', 'B', '3-b', '6-h', 'URBAN ASSEMBLY SCHOOL FOR APPLIED MATH AND SCIENCE  THE', '8-r', '9-m', '8-w'
'X243', 'C', '2-b', '6-h', 'WEST BRONX ACADEMY FOR THE FUTURE', '7-r', '8-m', '7-w'
'X267', 'A', '2-b', '7-h', 'BRONX LATIN', '8-r', '8-m', '8-w'
'X270', 'D', '6-b', '3-h', 'ACADEMY FOR SCHOLARSHIP AND ENTREPRENEURSHIP: A COLLEGE BOARD SCHOOL', '7-r', '7-m', '7-w'
'X271', 'C', '2-b', '6-h', 'EAST BRONX ACADEMY FOR THE FUTURE', '7-r', '7-m', '7-w'
'X282', 'None', '4-b', '4-h', "WOMEN'S ACADEMY OF EXCELLENCE", '8-r', '7-m', '7-w'
'X368', 'B', '1-b', '8-h', 'INsTECH ACADEMY (M.S. / HIGH SCHOOL 368)', '7-r', '8-m', '7-w'
'X413', 'B', '3-b', '5-h', 'BRONX HIGH SCHOOL FOR MEDICAL SCIENCE', '8-r', '8-m', '8-w'
'X517', 'None', '5-b', '4-h', 'FREDERICK DOUGLASS ACADEMY III SECONDARY SCHOOL', '7-r', '7-m', '7-w'
'X500', 'C', '2-b', '7-h', 'HOSTOSsLINCOLN ACADEMY OF SCIENCE', '8-r', '8-m', '8-w'
'X505', 'C', '3-b', '6-h', 'BRONX SCHOOL FOR LAW  GOVERNMENT AND JUSTICE', '8-r', '8-m', '8-w'
'X551', 'C', '3-b', '6-h', 'BRONX ACADEMY OF LETTERS', '8-r', '7-m', '8-w'
'K071', 'C', '1-b', '8-h', 'JUAN MOREL CAMPOS SECONDARY SCHOOL', '7-r', '7-m', '7-w'
'K265', 'B', '7-b', '2-h', 'DR. SUSAN S. MCKINNEY SECONDARY SCHOOL OF THE ARTS', '7-r', '6-m', '7-w'
'K337', 'B', '4-a', '1-b', '2-h', '2-wh', 'INTERNATIONAL HIGH SCHOOL AT LAFAYETTE', '6-r', '7-m', '6-w'
'K344', 'B', '1-a', '2-b', '2-h', '3-wh', 'RACHEL CARSON HIGH SCHOOL FOR COASTAL STUDIES', '8-r', '8-m', '8-w'
'K348', 'B', '6-b', '2-h', 'HIGH SCHOOL OF SPORTS MANAGEMENT', '7-r', '7-m', '7-w'
'K350', 'D', '7-b', '2-h', 'URBAN ASSEMBLY HIGH SCHOOL OF MUSIC AND ART', '7-r', '7-m', '7-w'
'K393', 'C', '8-b', '1-h', 'FREDERICK DOUGLASS ACADEMY IV SECONDARY SCHOOL', '7-r', '7-m', '7-w'
'K403', 'A', '2-b', '7-h', 'ACADEMY FOR ENVIRONMENTAL LEADERSHIP', '7-r', '7-m', '7-w'
'K404', 'A', '6-b', '3-h', 'ACADEMY FOR YOUNG WRITERS', '7-r', '7-m', '7-w'
'K405', 'C', '3-a', '3-b', '1-h', '2-wh', 'MIDWOOD HIGH SCHOOL', '9-r', '1', '9-w'
'K408', 'B', '8-b', '1-h', 'ACADEMY OF HOSPITALITY AND TOURISM', '7-r', '6-m', '7-w'
'K409', 'C', '6-b', '3-h', 'EAST NEW YORK FAMILY ACADEMY', '8-r', '8-m', '7-w'
'K410', 'C', '1-a', '3-b', '2-h', '2-wh', 'ABRAHAM LINCOLN HIGH SCHOOL', '7-r', '8-m', '7-w'
'K412', 'C', '7-b', '1-h', 'BROOKLYN COMMUNITY HIGH SCHOOL OF COMMUNICATION  ARTS AND MEDIA', '7-r', '7-m', '7-w'
'K419', 'A', '7-b', '1-h', 'SCIENCE SKILLS CENTER HIGH SCHOOL FOR SCIENCE  TECHNOLOGY AND THE CREATIVE ARTS', '7-r', '8-m', '7-w'
'K425', 'B', '2-a', '1-b', '1-h', '4-wh', 'JAMES MADISON HIGH SCHOOL', '8-r', '9-m', '8-w'
'K429', 'B', '5-b', '3-h', 'BROOKLYN SCHOOL FOR GLOBAL STUDIES', '7-r', '7-m', '7-w'
'K430', 'B', '6-a', '1-b', '2-wh', 'BROOKLYN TECHNICAL HIGH SCHOOL', '11-r', '13-m', '11-w'
'K439', 'A', '4-a', '2-b', '2-h', 'BROOKLYN INTERNATIONAL HIGH SCHOOL', '6-r', '7-m', '6-w'
'K445', 'B', '3-a', '2-h', '3-wh', 'NEW UTRECHT HIGH SCHOOL', '8-r', '9-m', '7-w'
'K448', 'A', '3-b', '4-h', '1-wh', 'BROOKLYN SECONDARY SCHOOL FOR COLLABORATIVE STUDIES', '7-r', '7-m', '7-w'
'K449', 'B', '3-a', '2-b', '1-h', '1-wh', 'BROOKLYN LATIN SCHOOL  THE', '11-r', '11-m', '11-w'
'K454', 'B', '4-b', '4-h', 'GREEN SCHOOL: AN ACADEMY FOR ENVIRONMENTAL CAREERS', '8-r', '7-m', '7-w'
'K462', 'C', '6-b', '2-h', 'SECONDARY SCHOOL FOR LAW', '7-r', '8-m', '7-w'
'K463', 'B', '4-b', '4-h', 'SECONDARY SCHOOL FOR JOURNALISM', '7-r', '7-m', '7-w'
'K464', 'D', '3-b', '5-h', 'PARK SLOPE COLLEGIATE', '7-r', '8-m', '7-w'
'K474', 'C', '3-b', '6-h', 'PROGRESS HIGH SCHOOL FOR PROFESSIONAL CAREERS', '7-r', '7-m', '7-w'
'K477', 'D', '5-b', '3-h', 'SCHOOL FOR LEGAL STUDIES', '8-r', '7-m', '7-w'
'K478', 'A', '3-b', '5-h', 'THE HIGH SCHOOL FOR ENTERPRISE  BUSINESS AND TECHNOLOGY', '7-r', '8-m', '7-w'
'K483', 'B', '7-b', '1-h', 'THE URBAN ASSEMBLY SCHOOL FOR LAW AND JUSTICE', '8-r', '8-m', '7-w'
'K485', 'A', '1-a', '5-h', '1-wh', 'HIGH SCHOOL OF TELECOMMUNICATION ARTS AND TECHNOLOGY', '8-r', '9-m', '8-w'
'K488', 'B', '5-b', '3-h', 'BROOKLYN PREPARATORY HIGH SCHOOL', '7-r', '7-m', '7-w'
'K490', 'B', '3-a', '3-h', '3-wh', 'FORT HAMILTON HIGH SCHOOL', '8-r', '9-m', '8-w'
'K495', 'D', '1-a', '6-b', '1-h', '1-wh', 'SHEEPSHEAD BAY HIGH SCHOOL', '7-r', '7-m', '7-w'
'K497', 'Pending', '4-b', '3-h', '1-wh', 'SCHOOL FOR INTERNATIONAL STUDIES', '8-r', '8-m', '7-w'
'K498', 'B', '7-b', '2-h', 'BROOKLYN HIGH SCHOOL FOR LAW AND TECHNOLOGY', '7-r', '7-m', '7-w'
'K499', 'B', '8-b', '1-h', 'ACORN COMMUNITY HIGH SCHOOL', '7-r', '7-m', '7-w'
'K502', 'Pending', '7-b', '2-h', 'FDNY HIGH SCHOOL FOR FIRE AND LIFE SAFETY', '6-r', '6-m', '6-w'
'K504', 'B', '7-b', '2-h', 'HIGH SCHOOL FOR CIVIL RIGHTS', '7-r', '6-m', '6-w'
'K505', 'B', '4-a', '2-h', '1-wh', 'FRANKLIN DELANO ROOSEVELT HIGH SCHOOL', '7-r', '9-m', '7-w'
'K507', 'B', '8-b', '1-h', 'PERFORMING ARTS AND TECHNOLOGY HIGH SCHOOL', '7-r', '7-m', '7-w'
'K509', 'F', '8-b', '1-h', 'FREEDOM ACADEMY HIGH SCHOOL', '8-r', '7-m', '8-w'
'K510', 'C', '8-b', '1-h', 'WORLD ACADEMY FOR TOTAL COMMUNITY HEALTH HIGH SCHOOL', '7-r', '7-m', '7-w'
'K514', 'A', '8-b', '1-h', 'FREDERICK DOUGLASS ACADEMY VII HIGH SCHOOL', '7-r', '7-m', '7-w'
'K519', 'B', '7-b', '2-h', 'COBBLE HILL SCHOOL OF AMERICAN STUDIES', '7-r', '8-m', '7-w'
'K520', 'None', '8-b', '1-h', 'PACIFIC HIGH SCHOOL', '7-r', '6-m', '6-w'
'K524', 'A', '2-a', '2-b', '2-h', '1-wh', 'INTERNATIONAL HIGH SCHOOL AT PROSPECT HEIGHTS', '5-r', '6-m', '5-w'
'K525', 'B', '2-a', '2-b', '1-h', '3-wh', 'EDWARD R. MURROW HIGH SCHOOL', '9-r', '9-m', '9-w'
'K530', 'None', '8-b', '1-h', 'METROPOLITAN CORPORATE ACADEMY HIGH SCHOOL', '7-r', '7-m', '7-w'
'K535', 'A', '1-a', '1-h', '6-wh', 'LEON M. GOLDSTEIN HIGH SCHOOL FOR THE SCIENCES', '1', '11-m', '1'
'K540', 'C', '3-a', '3-b', '1-h', '1-wh', 'JOHN DEWEY HIGH SCHOOL', '8-r', '9-m', '7-w'
'K544', 'F', '8-b', '1-h', 'INTERNATIONAL ARTS BUSINESS SCHOOL', '7-r', '7-m', '7-w'
'K546', 'A', '8-b', '1-h', 'HIGH SCHOOL FOR PUBLIC SERVICE: HEROES OF TOMORROW', '8-r', '8-m', '8-w'
'K547', 'B', '7-b', '1-h', 'BROOKLYN ACADEMY OF SCIENCE AND THE ENVIRONMENT', '7-r', '7-m', '7-w'
'K548', 'B', '8-b', '1-h', 'BROOKLYN SCHOOL FOR MUSIC & THEATRE', '7-r', '7-m', '7-w'
'K549', 'A', '2-b', '6-h', 'BUSHWICK SCHOOL FOR SOCIAL JUSTICE', '6-r', '7-m', '6-w'
'K552', 'B', '2-b', '7-h', 'ACADEMY OF URBAN PLANNING', '6-r', '7-m', '7-w'
'K553', 'None', '8-b', '1-h', 'BROOKLYN ACADEMY HIGH SCHOOL', '8-r', '7-m', '7-w'
'K554', 'A', '1-b', '7-h', 'ALL CITY LEADERSHIP SECONDARY SCHOOL', '8-r', '9-m', '8-w'
'K555', 'A', '7-b', '1-h', 'BROOKLYN COLLEGE ACADEMY', '9-r', '9-m', '8-w'
'K556', 'C', '2-b', '7-h', 'BUSHWICK LEADERS HIGH SCHOOL FOR ACADEMIC EXCELLENCE', '6-r', '7-m', '7-w'
'K558', 'A', '3-b', '5-h', 'WILLIAMSBURG HIGH SCHOOL FOR ARCHITECTURE AND DESIGN', '7-r', '7-m', '7-w'
'K559', 'B', '4-b', '2-h', '2-wh', 'LIFE ACADEMY HIGH SCHOOL FOR FILM AND MUSIC', '7-r', '7-m', '7-w'
'K561', 'A', '2-b', '6-h', '1-wh', 'WILLIAMSBURG PREPARATORY SCHOOL', '7-r', '8-m', '7-w'
'K564', 'None', '3-b', '6-h', 'BUSHWICK COMMUNITY HIGH SCHOOL', '7-r', '6-m', '7-w'
'K567', 'A', '8-b', '1-h', 'BROOKLYN THEATRE ARTS HIGH SCHOOL', '7-r', '7-m', '7-w'
'K572', 'D', '1-a', '1-b', '4-h', '1-wh', 'EXPEDITIONARY LEARNING SCHOOL FOR COMMUNITY LEADERS', '7-r', '7-m', '7-w'
'K575', 'None', '8-b', '1-h', 'BEDFORD STUYVESANT PREPARATORY HIGH SCHOOL', '7-r', '7-m', '7-w'
'K586', 'A', '4-b', '5-h', 'LYONS COMMUNITY SCHOOL', '7-r', '7-m', '7-w'
'K594', 'F', '7-b', '1-h', 'GOTHAM PROFESSIONAL ARTS ACADEMY', '7-r', '7-m', '7-w'
'K605', 'D', '7-b', '1-h', 'GEORGE WESTINGHOUSE CAREER AND TECHNICAL EDUCATION HIGH SCHOOL', '8-r', '7-m', '7-w'
'K610', 'C', '6-b', '3-h', 'AUTOMOTIVE HIGH SCHOOL', '7-r', '7-m', '7-w'
'K615', 'B', '7-b', '2-h', 'TRANSIT TECH CAREER AND TECHNICAL EDUCATION HIGH SCHOOL', '7-r', '8-m', '7-w'
'K617', 'None', '8-b', '1-h', 'HIGH SCHOOL FOR INNOVATION IN ADVERTISING AND MEDIA', '8-r', '7-m', '7-w'
'K618', 'None', '3-b', '5-h', 'ACADEMY OF INNOVATIVE TECHNOLOGY', '7-r', '7-m', '7-w'
'K620', 'B', '7-b', '1-h', 'WILLIAM E. GRADY CAREER AND TECHNICAL EDUCATION HIGH SCHOOL', '7-r', '8-m', '7-w'
'K629', 'None', '8-b', '1-h', 'CULTURAL ACADEMY FOR THE ARTS AND SCIENCES', '7-r', '7-m', '7-w'
'K632', 'None', '6-b', '3-h', 'FRANCES PERKINS ACADEMY', '7-r', '7-m', '7-w'
'K633', 'None', '8-b', '1-h', 'HIGH SCHOOL FOR MEDICAL PROFESSIONS', '7-r', '7-m', '7-w'
'K637', 'None', '8-b', '1-h', 'ACADEMY FOR CONSERVATION AND THE ENVIRONMENT', '7-r', '7-m', '7-w'
'K639', 'None', '3-b', '6-h', 'BROOKLYN LAB SCHOOL', '7-r', '7-m', '7-w'
'K642', 'None', '8-b', '1-h', 'URBAN ACTION ACADEMY', '7-r', '7-m', '7-w'
'K656', 'B', '7-b', '1-h', 'BROOKLYN HIGH SCHOOL OF THE ARTS', '8-r', '8-m', '8-w'
'K659', 'D', '1-b', '7-h', 'CYPRESS HILLS COLLEGIATE PREPARATORY SCHOOL', '7-r', '7-m', '7-w'
'K660', 'A', '7-b', '2-h', 'W. H. MAXWELL CAREER AND TECHNICAL EDUCATION HIGH SCHOOL', '7-r', '7-m', '7-w'
'K674', 'None', '5-b', '2-h', 'CITY POLYTECHNIC HIGH SCHOOL OF ENGINEERING  ARCHITECTURE  AND TECHNOLOGY', '8-r', '9-m', '8-w'
'K683', 'None', '1-a', '5-b', '3-h', 'THE SCHOOL FOR CLASSICS: AN ACADEMY OF THINKERS  WRITERS AND PERFORMERS', '7-r', '8-m', '7-w'
'K685', 'A', '1-b', '8-h', 'EL PUENTE ACADEMY FOR PEACE AND JUSTICE', '7-r', '6-m', '6-w'
'K690', 'C', '1-a', '2-h', '5-wh', 'BROOKLYN STUDIO SECONDARY SCHOOL', '8-r', '8-m', '8-w'
'K697', 'A', '8-b', '1-h', 'TEACHERS PREPARATORY HIGH SCHOOL', '7-r', '8-m', '7-w'
'K698', 'None', '2-b', '7-h', 'SOUTH BROOKLYN COMMUNITY HIGH SCHOOL', '8-r', '8-m', '8-w'
'M047', 'C', '3-b', '5-h', '47 THE AMERICAN SIGN LANGUAGE AND ENGLISH SECONDARY SCHOOL', '7-r', '8-m', '7-w'
'M283', 'F', '4-b', '4-h', 'MANHATTAN THEATRE LAB HIGH SCHOOL', '8-r', '7-m', '8-w'
'M288', 'A', '4-b', '4-h', 'FOOD AND FINANCE HIGH SCHOOL', '8-r', '7-m', '7-w'
'M292', 'C', '1-a', '2-b', '5-h', 'HENRY STREET SCHOOL FOR INTERNATIONAL STUDIES', '7-r', '8-m', '7-w'
'M294', 'B', '2-b', '6-h', 'ESSEX STREET ACADEMY', '7-r', '7-m', '7-w'
'M296', 'A', '2-b', '6-h', 'HIGH SCHOOL OF HOSPITALITY MANAGEMENT', '7-r', '7-m', '7-w'
'M298', 'A', '1-a', '3-b', '4-h', 'PACE HIGH SCHOOL', '8-r', '8-m', '8-w'
'M299', 'C', '3-b', '5-h', 'HIGH SCHOOL FOR ARTS  IMAGINATION AND INQUIRY', '7-r', '7-m', '7-w'
'M300', 'B', '2-b', '5-h', 'URBAN ASSEMBLY SCHOOL OF DESIGN AND CONSTRUCTION  THE', '8-r', '8-m', '8-w'
'M303', 'B', '2-b', '7-h', 'FACING HISTORY SCHOOL  THE', '7-r', '7-m', '6-w'
'M304', 'B', '3-b', '6-h', 'MOTT HALL HIGH SCHOOL', '8-r', '7-m', '7-w'
'M305', 'C', '4-b', '5-h', 'URBAN ASSEMBLY ACADEMY OF GOVERNMENT AND LAW  THE', '7-r', '7-m', '7-w'
'M307', 'A', '3-b', '5-h', 'URBAN ASSEMBLY SCHOOL FOR MEDIA STUDIES  THE', '7-r', '7-m', '7-w'
'M308', 'A', '3-b', '5-h', 'LOWER MANHATTAN ARTS ACADEMY', '8-r', '7-m', '8-w'
'M316', 'B', '4-b', '4-h', 'URBAN ASSEMBLY SCHOOL OF BUSINESS FOR YOUNG WOMEN  THE', '7-r', '7-m', '7-w'
'M367', 'C', '6-b', '3-h', 'ACADEMY FOR SOCIAL ACTION: A COLLEGE BOARD SCHOOL', '7-r', '7-m', '6-w'
'M369', 'D', '5-b', '3-h', 'URBAN ASSEMBLY SCHOOL FOR THE PERFORMING ARTS', '7-r', '7-m', '7-w'
'M374', 'C', '4-b', '4-h', 'GRAMERCY ARTS HIGH SCHOOL', '7-r', '7-m', '7-w'
'M376', 'None', '1-a', '2-b', '4-h', '2-wh', 'NYC ISCHOOL', '9-r', '9-m', '9-w'
'M400', 'B', '1-a', '1-b', '5-h', '1-wh', 'HIGH SCHOOL FOR ENVIRONMENTAL STUDIES', '9-r', '9-m', '9-w'
'M407', 'A', '1-b', '1-h', '5-wh', 'INSTITUTE FOR COLLABORATIVE EDUCATION', '9-r', '9-m', '9-w'
'M408', 'B', '1-b', '2-h', '4-wh', 'PROFESSIONAL PERFORMING ARTS HIGH SCHOOL', '1', '9-m', '1'
'M409', 'C', '3-b', '5-h', 'COALITION SCHOOL FOR SOCIAL CHANGE', '7-r', '7-m', '7-w'
'M411', 'A', '6-a', '1-h', '1-wh', 'BARUCH COLLEGE CAMPUS HIGH SCHOOL', '9-r', '11-m', '1'
'M412', 'A', '2-a', '1-h', '4-wh', 'N.Y.C. LAB SCHOOL FOR COLLABORATIVE STUDIES', '1', '11-m', '11-w'
'M413', 'B', '1-a', '1-b', '2-h', '3-wh', 'SCHOOL OF THE FUTURE HIGH SCHOOL', '1', '1', '1'
'M414', 'A', '3-a', '1-b', '3-h', '1-wh', 'N.Y.C. MUSEUM SCHOOL', '9-r', '9-m', '9-w'
'M415', 'D', '5-b', '3-h', 'WADLEIGH SECONDARY SCHOOL FOR THE PERFORMING & VISUAL ARTS', '7-r', '7-m', '7-w'
'M416', 'A', '1-a', '1-h', '6-wh', 'ELEANOR ROOSEVELT HIGH SCHOOL', '11-r', '11-m', '11-w'
'M418', 'A', '3-a', '2-h', '3-wh', 'MILLENNIUM HIGH SCHOOL', '1', '11-m', '1'
'M419', 'D', '1-b', '7-h', 'LANDMARK HIGH SCHOOL', '7-r', '7-m', '7-w'
'M420', 'B', '2-a', '2-b', '4-h', 'HIGH SCHOOL FOR HEALTH PROFESSIONS AND HUMAN SERVICES', '8-r', '8-m', '8-w'
'M425', 'C', '3-b', '5-h', 'LEADERSHIP AND PUBLIC SERVICE HIGH SCHOOL', '8-r', '8-m', '7-w'
'M429', 'F', '4-b', '5-h', 'LEGACY SCHOOL FOR INTEGRATED STUDIES', '7-r', '7-m', '6-w'
'M435', 'A', '2-a', '1-b', '5-h', 'MANHATTAN CENTER FOR SCIENCE AND MATHEMATICS', '9-r', '1', '9-w'
'M439', 'A', '1-b', '7-h', 'MANHATTAN VILLAGE ACADEMY', '8-r', '9-m', '9-w'
'M440', 'None', '2-b', '6-h', 'BAYARD RUSTIN EDUCATIONAL COMPLEX', '7-r', '7-m', '7-w'
'M448', 'C', '2-a', '2-b', '4-h', 'UNIVERSITY NEIGHBORHOOD HIGH SCHOOL', '7-r', '8-m', '7-w'
'M449', 'B', '2-b', '5-h', 'VANGUARD HIGH SCHOOL', '7-r', '8-m', '7-w'
'M450', 'A', '2-b', '5-h', '1-wh', 'EAST SIDE COMMUNITY SCHOOL', '7-r', '8-m', '7-w'
'M459', 'B', '3-a', '1-b', '3-h', '1-wh', 'MANHATTAN INTERNATIONAL HIGH SCHOOL', '7-r', '9-m', '7-w'
'M460', 'F', '3-b', '5-h', 'WASHINGTON IRVING HIGH SCHOOL', '7-r', '7-m', '7-w'
'M463', 'C', '1-b', '8-h', 'HIGH SCHOOL FOR MEDIA AND COMMUNICATIONS', '7-r', '7-m', '6-w'
'M467', 'A', '1-b', '8-h', 'HIGH SCHOOL FOR LAW AND PUBLIC SERVICE', '7-r', '7-m', '7-w'
'M468', 'D', '1-b', '8-h', 'HIGH SCHOOL FOR HEALTH CAREERS AND SCIENCES', '8-r', '8-m', '8-w'
'M469', 'C', '7-b', '2-h', 'CHOIR ACADEMY OF HARLEM', '7-r', '7-m', '7-w'
'M470', 'None', '2-b', '6-h', 'LOUIS D. BRANDEIS HIGH SCHOOL', '7-r', '7-m', '7-w'
'M475', 'A', '7-a', '2-wh', 'STUYVESANT HIGH SCHOOL', '13-r', '14-m', '13-w'
'M479', 'A', '1-b', '2-h', '4-wh', 'BEACON HIGH SCHOOL', '11-r', '11-m', '11-w'
'M485', 'A', '1-a', '1-b', '1-h', '4-wh', 'FIORELLO H. LAGUARDIA HIGH SCHOOL OF MUSIC & ART AND PERFORMING ARTS', '11-r', '11-m', '11-w'
'M489', 'B', '2-a', '2-b', '4-h', 'HIGH SCHOOL OF ECONOMICS AND FINANCE', '8-r', '9-m', '8-w'
'M492', 'A', '4-b', '4-h', 'HIGH SCHOOL FOR LAW  ADVOCACY AND COMMUNITY JUSTICE', '7-r', '7-m', '8-w'
'M494', 'C', '3-b', '5-h', 'HIGH SCHOOL OF ARTS AND TECHNOLOGY', '8-r', '8-m', '8-w'
'M495', 'A', '3-b', '5-h', 'PARK EAST HIGH SCHOOL', '7-r', '7-m', '7-w'
'M499', 'C', '7-b', '2-h', 'FREDERICK DOUGLASS ACADEMY', '9-r', '9-m', '8-w'
'M500', 'A', '3-b', '5-h', 'UNITY CENTER FOR URBAN TECHNOLOGIES', '7-r', '6-m', '7-w'
'M505', 'None', '3-b', '6-h', 'EDWARD A. REYNOLDS WEST SIDE HIGH SCHOOL', '8-r', '7-m', '7-w'
'M509', 'C', '3-b', '5-h', 'MARTA VALLE HIGH SCHOOL', '7-r', '8-m', '7-w'
'M519', 'B', '3-b', '3-h', '1-wh', 'TALENT UNLIMITED HIGH SCHOOL', '9-r', '9-m', '9-w'
'M520', 'D', '1-a', '3-b', '4-h', 'MURRY BERGTRAUM HIGH SCHOOL FOR BUSINESS CAREERS', '8-r', '8-m', '7-w'
'M529', 'C', '2-b', '6-h', 'JACQUELINE KENNEDY ONASSIS HIGH SCHOOL', '8-r', '8-m', '8-w'
'M531', 'B', '4-b', '4-h', 'REPERTORY COMPANY HIGH SCHOOL FOR THEATRE ARTS', '8-r', '8-m', '8-w'
'M539', 'A', '2-a', '1-b', '1-h', '4-wh', 'NEW EXPLORATIONS INTO SCIENCE  TECHNOLOGY AND MATH HIGH SCHOOL', '1', '11-m', '1'
'M540', 'C', '3-b', '6-h', 'A. PHILIP RANDOLPH CAMPUS HIGH SCHOOL', '8-r', '9-m', '8-w'
'M541', 'B', '2-a', '2-b', '4-h', '1-wh', 'MANHATTAN / HUNTER SCIENCE HIGH SCHOOL', '9-r', '1', '9-w'
'M543', 'A', '3-b', '6-h', 'NEW DESIGN HIGH SCHOOL', '7-r', '7-m', '7-w'
'M544', 'None', '3-b', '5-h', 'INDEPENDENCE HIGH SCHOOL', '7-r', '7-m', '6-w'
'M550', 'None', '2-a', '1-b', '4-h', '1-wh', 'LIBERTY HIGH SCHOOL ACADEMY FOR NEWCOMERS', '7-r', '8-m', '7-w'
'M551', 'A', '3-b', '4-h', '1-wh', 'THE URBAN ASSEMBLY NEW YORK HARBOR SCHOOL', '8-r', '8-m', '7-w'
'M555', 'A', '2-b', '6-h', 'CENTRAL PARK EAST HIGH SCHOOL', '8-r', '8-m', '7-w'
'M560', 'None', '3-b', '3-h', '1-wh', 'HIGH SCHOOL M560 s CITY AS SCHOOL', '9-r', '8-m', '9-w'
'M565', 'None', '3-b', '3-h', '2-wh', 'URBAN ACADEMY LABORATORY HIGH SCHOOL', '1', '1', '1'
'M570', 'None', '3-b', '5-h', 'SATELLITE ACADEMY HIGH SCHOOL', '7-r', '6-m', '6-w'
'M575', 'None', '3-a', '3-b', '2-h', 'MANHATTAN COMPREHENSIVE NIGHT AND DAY HIGH SCHOOL', '6-r', '1', '6-w'
'M580', 'C', '3-b', '5-h', 'RICHARD R. GREEN HIGH SCHOOL OF TEACHING', '8-r', '7-m', '8-w'
'M586', 'None', '3-b', '3-h', '1-wh', 'HARVEY MILK HIGH SCHOOL', '9-r', '8-m', '8-w'
'M600', 'A', '3-b', '5-h', 'THE HIGH SCHOOL OF FASHION INDUSTRIES', '8-r', '8-m', '8-w'
'M605', 'None', '2-b', '5-h', '1-wh', 'HUMANITIES PREPARATORY ACADEMY', '8-r', '8-m', '8-w'
'M610', 'A', '3-b', '6-h', "YOUNG WOMEN'S LEADERSHIP SCHOOL", '8-r', '8-m', '8-w'
'M615', 'B', '2-b', '6-h', 'CHELSEA CAREER AND TECHNICAL EDUCATION HIGH SCHOOL', '7-r', '8-m', '7-w'
'M620', 'None', '2-b', '7-h', 'NORMAN THOMAS HIGH SCHOOL', '7-r', '7-m', '7-w'
'M625', 'F', '3-b', '6-h', 'HIGH SCHOOL OF GRAPHIC COMMUNICATION ARTS', '7-r', '7-m', '7-w'
'M630', 'B', '2-b', '5-h', '1-wh', 'ART AND DESIGN HIGH SCHOOL', '8-r', '8-m', '8-w'
'M635', 'None', '2-b', '6-h', 'ACADEMY OF ENVIRONMENTAL SCIENCE SECONDARY HIGH SCHOOL', '7-r', '7-m', '7-w'
'M650', 'None', '4-b', '4-h', 'CASCADES HIGH SCHOOL', '8-r', '8-m', '8-w'
'M655', 'B', '2-b', '6-h', 'LIFE SCIENCES SECONDARY SCHOOL', '8-r', '8-m', '8-w'
'M670', 'A', '7-b', '2-h', 'THURGOOD MARSHALL ACADEMY FOR LEARNING AND SOCIAL CHANGE', '7-r', '8-m', '8-w'
'M680', 'B', '2-b', '6-h', 'HERITAGE SCHOOL  THE', '7-r', '7-m', '6-w'
'M685', 'D', '5-b', '4-h', 'BREAD & ROSES INTEGRATED ARTS HIGH SCHOOL', '7-r', '7-m', '7-w'
'M692', 'A', '3-a', '1-b', '2-h', '2-wh', 'HIGH SCHOOL FOR MATHEMATICS  SCIENCE AND ENGINEERING AT CITY COLLEGE', '12-r', '13-m', '11-w'
'M696', 'B', '1-a', '1-b', '1-h', '4-wh', 'BARD HIGH SCHOOL EARLY COLLEGE', '12-r', '12-m', '12-w'
'M860', 'C', '7-b', '1-h', 'FREDERICK DOUGLASS ACADEMY II SECONDARY SCHOOL', '7-r', '7-m', '7-w'
'Q252', 'None', '4-a', '1-b', '2-h', '1-wh', 'QUEENS SCHOOL OF INQUIRY  THE', '9-r', '9-m', '8-w'
'Q260', 'C', '6-b', '2-h', 'FREDERICK DOUGLASS ACADEMY VI HIGH SCHOOL', '7-r', '7-m', '7-w'
'Q262', 'A', '5-b', '2-h', '1-wh', 'CHANNEL VIEW SCHOOL FOR RESEARCH', '8-r', '8-m', '8-w'
'Q263', 'B', '6-a', '3-h', 'FLUSHING INTERNATIONAL HIGH SCHOOL', '6-r', '8-m', '6-w'
'Q264', 'A', '1-a', '5-h', '1-wh', 'ACADEMY OF FINANCE AND ENTERPRISE', '8-r', '9-m', '8-w'
'Q267', 'A', '1-a', '1-b', '5-h', '1-wh', 'HIGH SCHOOL OF APPLIED COMMUNICATION', '8-r', '8-m', '8-w'
'Q272', 'B', '7-b', '1-h', 'GEORGE WASHINGTON CARVER HIGH SCHOOL FOR THE SCIENCES', '8-r', '8-m', '8-w'
'Q281', 'B', '6-a', '1-b', '1-h', 'EASTsWEST SCHOOL OF INTERNATIONAL STUDIES', '8-r', '9-m', '7-w'
'Q283', 'C', '8-b', '1-h', 'PREPARATORY ACADEMY FOR WRITERS: A COLLEGE BOARD SCHOOL', '7-r', '7-m', '7-w'
'Q285', 'A', '1-a', '2-h', '5-wh', 'WORLD JOURNALISM PREPARATORY: A COLLEGE BOARD SCHOOL', '9-r', '9-m', '9-w'
'Q299', 'A', '3-a', '1-b', '2-h', '3-wh', 'BARD HIGH SCHOOL EARLY COLLEGE II', '1', '11-m', '11-w'
'Q301', 'None', '2-b', '5-h', '1-wh', 'ACADEMY FOR CAREERS IN TELEVISION AND FILM', '8-r', '8-m', '8-w'
'Q302', 'None', '6-b', '3-h', 'QUEENS HIGH SCHOOL FOR INFORMATION  RESEARCH  AND TECHNOLOGY', '7-r', '8-m', '7-w'
'Q308', 'None', '2-a', '4-h', '2-wh', 'ROBERT H. GODDARD HIGH SCHOOL OF COMMUNICATION ARTS AND TECHNOLOGY', '8-r', '8-m', '8-w'
'Q309', 'None', '5-b', '3-h', 'ACADEMY OF MEDICAL TECHNOLOGY: A COLLEGE BOARD SCHOOL', '7-r', '7-m', '6-w'
'Q310', 'None', '2-a', '4-b', '1-h', 'QUEENS COLLEGIATE: A COLLEGE BOARD SCHOOL', '8-r', '8-m', '8-w'
'Q323', 'A', '2-a', '1-b', '1-h', '4-wh', "SCHOLARS' ACADEMY", '9-r', '1', '9-w'
'Q400', 'D', '7-b', '1-h', 'AUGUST MARTIN HIGH SCHOOL', '7-r', '7-m', '7-w'
'Q410', 'None', '4-b', '4-h', 'BEACH CHANNEL HIGH SCHOOL', '7-r', '7-m', '7-w'
'Q415', 'B', '4-a', '1-b', '1-h', '1-wh', 'BENJAMIN N. CARDOZO HIGH SCHOOL', '9-r', '1', '9-w'
'Q425', 'B', '3-a', '1-b', '4-h', 'JOHN BOWNE HIGH SCHOOL', '7-r', '9-m', '7-w'
'Q430', 'A', '5-a', '2-h', '1-wh', 'FRANCIS LEWIS HIGH SCHOOL', '9-r', '1', '9-w'
'Q435', 'D', '2-a', '5-b', '1-h', 'MARTIN VAN BUREN HIGH SCHOOL', '7-r', '7-m', '7-w'
'Q440', 'A', '2-a', '3-h', '3-wh', 'FOREST HILLS HIGH SCHOOL', '9-r', '9-m', '9-w'
'Q445', 'C', '2-a', '4-h', '1-wh', 'WILLIAM CULLEN BRYANT HIGH SCHOOL', '8-r', '8-m', '8-w'
'Q450', 'C', '1-a', '1-b', '6-h', '1-wh', 'LONG ISLAND CITY HIGH SCHOOL', '8-r', '8-m', '7-w'
'Q455', 'C', '2-a', '6-h', 'NEWTOWN HIGH SCHOOL', '7-r', '8-m', '7-w'
'Q460', 'D', '1-a', '2-b', '4-h', 'FLUSHING HIGH SCHOOL', '7-r', '8-m', '7-w'
'Q470', 'None', '3-a', '4-b', '2-h', 'JAMAICA HIGH SCHOOL', '6-r', '7-m', '7-w'
'Q475', 'D', '3-a', '1-b', '4-h', 'RICHMOND HILL HIGH SCHOOL', '7-r', '8-m', '7-w'
'Q480', 'C', '2-a', '2-b', '3-h', 'JOHN ADAMS HIGH SCHOOL', '7-r', '8-m', '7-w'
'Q485', 'C', '6-h', '2-wh', 'GROVER CLEVELAND HIGH SCHOOL', '7-r', '8-m', '7-w'
'Q492', 'C', '7-b', '1-h', 'MATHEMATICS  SCIENCE RESEARCH AND TECHNOLOGY MAGNET HIGH SCHOOL', '8-r', '8-m', '7-w'
'Q494', 'D', '8-b', '1-h', 'LAW  GOVERNMENT AND COMMUNITY SERVICE HIGH SCHOOL', '7-r', '7-m', '7-w'
'Q495', 'A', '4-a', '1-b', '2-h', '1-wh', 'BAYSIDE HIGH SCHOOL', '9-r', '1', '9-w'
'Q501', 'B', '1-b', '2-h', '4-wh', 'FRANK SINATRA SCHOOL OF THE ARTS HIGH SCHOOL', '1', '9-m', '9-w'
'Q502', 'B', '1-a', '1-b', '5-h', 'INFORMATION TECHNOLOGY HIGH SCHOOL', '8-r', '8-m', '7-w'
'Q505', 'A', '3-a', '3-b', '2-h', 'HILLCREST HIGH SCHOOL', '7-r', '8-m', '7-w'
'Q520', 'C', '7-h', '1-wh', 'MIDDLE COLLEGE HIGH SCHOOL AT LAGUARDIA COMMUNITY COLLEGE', '7-r', '7-m', '7-w'
'Q525', 'A', '5-a', '1-h', '2-wh', 'TOWNSEND HARRIS HIGH SCHOOL', '12-r', '13-m', '12-w'
'Q530', 'A', '4-a', '4-h', '1-wh', 'INTERNATIONAL HIGH SCHOOL AT LAGUARDIA COMMUNITY COLLEGE', '6-r', '8-m', '6-w'
'Q540', 'None', '1-a', '4-b', '3-h', 'QUEENS ACADEMY HIGH SCHOOL', '7-r', '7-m', '7-w'
'Q555', 'A', '4-a', '4-h', 'NEWCOMERS HIGH SCHOOL', '6-r', '9-m', '6-w'
'Q560', 'C', '2-a', '6-h', '1-wh', 'ROBERT F. WAGNER  JR. SECONDARY SCHOOL FOR ARTS AND TECHNOLOGY', '8-r', '8-m', '8-w'
'Q566', 'B', '2-a', '4-b', '1-h', '1-wh', 'QUEENS HIGH SCHOOL OF TEACHING  LIBERAL ARTS AND THE SCIENCES', '8-r', '8-m', '8-w'
'Q575', 'B', '2-a', '3-h', '2-wh', 'ACADEMY OF AMERICAN STUDIES', '9-r', '9-m', '9-w'
'Q580', 'B', '3-a', '2-h', '3-wh', 'BACCALAUREATE SCHOOL FOR GLOBAL EDUCATION', '1', '11-m', '1'
'Q600', 'B', '1-a', '7-h', 'QUEENS VOCATIONAL AND TECHNICAL HIGH SCHOOL', '8-r', '8-m', '8-w'
'Q610', 'A', '2-a', '5-h', '1-wh', 'AVIATION CAREER & TECHNICAL EDUCATION HIGH SCHOOL', '8-r', '9-m', '8-w'
'Q620', 'A', '5-a', '2-b', '2-h', 'THOMAS A. EDISON CAREER AND TECHNICAL EDUCATION HIGH SCHOOL', '9-r', '9-m', '8-w'
'Q650', 'A', '3-a', '1-b', '4-h', '1-wh', 'HIGH SCHOOL FOR CONSTRUCTION TRADES  ENGINEERING AND ARCHITECTURE', '8-r', '9-m', '8-w'
'Q670', 'C', '2-a', '1-b', '3-h', '2-wh', 'ROBERT F. KENNEDY COMMUNITY HIGH SCHOOL', '8-r', '9-m', '8-w'
'Q680', 'B', '3-a', '4-b', '1-h', 'QUEENS GATEWAY TO HEALTH SCIENCES SECONDARY SCHOOL', '1', '1', '1'
'Q687', 'A', '7-a', '1-b', 'QUEENS HIGH SCHOOL FOR THE SCIENCES AT YORK COLLEGE', '12-r', '13-m', '11-w'
'Q690', 'B', '7-b', '1-h', 'HIGH SCHOOL FOR LAW ENFORCEMENT AND PUBLIC SAFETY', '8-r', '8-m', '7-w'
'Q896', 'C', '2-a', '5-b', '1-h', "YOUNG WOMEN'S LEADERSHIP SCHOOL  QUEENS", '8-r', '8-m', '8-w'
'R047', 'A', '1-a', '1-b', '1-h', '5-wh', 'CSI HIGH SCHOOL FOR INTERNATIONAL STUDIES', '9-r', '9-m', '9-w'
'R064', 'None', '1-b', '1-h', '6-wh', 'GAYNOR MCCOWN EXPEDITIONARY LEARNING SCHOOL', '7-r', '8-m', '7-w'
'R080', 'A', '1-b', '1-h', '5-wh', 'THE MICHAEL J. PETRIDES SCHOOL', '9-r', '9-m', '9-w'
'R440', 'A', '1-b', '2-h', '5-wh', 'NEW DORP HIGH SCHOOL', '8-r', '8-m', '8-w'
'R445', 'C', '3-b', '3-h', '2-wh', 'PORT RICHMOND HIGH SCHOOL', '8-r', '8-m', '8-w'
'R450', 'B', '3-b', '3-h', '2-wh', 'CURTIS HIGH SCHOOL', '8-r', '8-m', '8-w'
'R460', 'A', '1-a', '1-b', '2-h', '4-wh', 'SUSAN E. WAGNER HIGH SCHOOL', '9-r', '9-m', '9-w'
'R470', 'None', '3-b', '3-h', '1-wh', 'CONCORD HIGH SCHOOL', '9-r', '9-m', '8-w'
'R600', 'B', '4-b', '3-h', '2-wh', 'RALPH R. MCKEE CAREER AND TECHNICAL EDUCATION HIGH SCHOOL', '8-r', '8-m', '7-w'
'R605', 'A', '3-a', '6-wh', 'STATEN ISLAND TECHNICAL HIGH SCHOOL', '12-r', '13-m', '12-w'
'X141', 'A', '1-b', '5-h', '2-wh', 'RIVERDALE / KINGSBRIDGE ACADEMY (MIDDLE SCHOOL / HIGH SCHOOL 141)', '8-r', '9-m', '8-w'
'X213', 'C', '2-b', '6-h', 'BRONX ENGINEERING AND TECHNOLOGY ACADEMY', '7-r', '8-m', '7-w'
'X221', 'A', '2-b', '6-h', 'SOUTH BRONX PREPARATORY: A COLLEGE BOARD SCHOOL', '7-r', '7-m', '6-w'
'X225', 'Pending', '2-b', '6-h', 'THEATRE ARTS PRODUCTION COMPANY SCHOOL', '8-r', '7-m', '7-w'
'X227', 'B', '2-b', '6-h', 'BRONX EXPEDITIONARY LEARNING HIGH SCHOOL', '6-r', '7-m', '6-w'
'X231', 'B', '6-b', '3-h', 'EAGLE ACADEMY FOR YOUNG MEN', '7-r', '7-m', '7-w'
'X237', 'B', '3-b', '5-h', 'THE MARIE CURIE SCHOOL FOR MEDICINE  NURSING  AND HEALTH PROFESSIONS', '7-r', '7-m', '7-w'
'X239', 'None', '5-b', '4-h', 'URBAN ASSEMBLY ACADEMY FOR HISTORY AND CITIZENSHIP FOR YOUNG MEN  THE', '7-r', '7-m', '7-w'
'X241', 'A', '3-b', '6-h', 'URBAN ASSEMBLY SCHOOL FOR APPLIED MATH AND SCIENCE  THE', '8-r', '9-m', '8-w'
'X243', 'C', '2-b', '6-h', 'WEST BRONX ACADEMY FOR THE FUTURE', '7-r', '8-m', '7-w'
'X245', 'None', '4-b', '5-h', 'NEW DAY ACADEMY', '6-r', '6-m', '7-w'
'X248', 'A', '2-b', '7-h', 'METROPOLITAN HIGH SCHOOL  THE', '6-r', '7-m', '6-w'
'X249', 'A', '5-b', '3-h', 'BRONX HEALTH SCIENCES HIGH SCHOOL', '7-r', '7-m', '7-w'
'X250', 'B', '4-b', '5-h', 'EXIMIUS COLLEGE PREPARATORY ACADEMY: A COLLEGE BOARD SCHOOL', '7-r', '7-m', '7-w'
'X251', 'B', '3-b', '6-h', 'EXPLORATIONS ACADEMY', '7-r', '7-m', '7-w'
'X252', 'B', '2-b', '7-h', 'MOTT HALL BRONX HIGH SCHOOL', '7-r', '7-m', '7-w'
'X253', 'C', '4-b', '4-h', 'BRONX HIGH SCHOOL FOR WRITING AND COMMUNICATION ARTS', '8-r', '7-m', '7-w'
'X260', 'A', '2-b', '6-h', 'BRONX CENTER FOR SCIENCE AND MATHEMATICS', '9-r', '9-m', '9-w'
'X262', 'None', '3-b', '5-h', 'PERFORMANCE CONSERVATORY HIGH SCHOOL', '7-r', '7-m', '7-w'
'X263', 'C', '3-b', '6-h', 'VALIDUS PREPARATORY ACADEMY: AN EXPEDITIONARY LEARNING SCHOOL', '7-r', '7-m', '7-w'
'X265', 'C', '3-b', '5-h', 'BRONX LAB SCHOOL', '7-r', '7-m', '7-w'
'X267', 'A', '2-b', '7-h', 'BRONX LATIN', '8-r', '8-m', '8-w'
'X270', 'D', '6-b', '3-h', 'ACADEMY FOR SCHOLARSHIP AND ENTREPRENEURSHIP: A COLLEGE BOARD SCHOOL', '7-r', '7-m', '7-w'
'X271', 'B', '2-b', '6-h', 'EAST BRONX ACADEMY FOR THE FUTURE', '7-r', '7-m', '7-w'
'X275', 'A', '3-b', '5-h', 'HIGH SCHOOL OF COMPUTERS AND TECHNOLOGY', '7-r', '7-m', '7-w'
'X276', 'C', '3-b', '6-h', 'LEADERSHIP INSTITUTE', '7-r', '7-m', '7-w'
'X278', 'C', '4-b', '5-h', 'PEACE AND DIVERSITY ACADEMY', '7-r', '8-m', '7-w'
'X282', 'B', '4-b', '4-h', "WOMEN'S ACADEMY OF EXCELLENCE", '8-r', '7-m', '7-w'
'X284', 'B', '3-b', '6-h', 'BRONX SCHOOL OF LAW AND FINANCE', '8-r', '7-m', '7-w'
'X288', 'A', '3-b', '4-h', 'COLLEGIATE INSTITUTE FOR MATH AND SCIENCE', '8-r', '9-m', '8-w'
'X290', 'A', '5-b', '4-h', 'BRONX ACADEMY OF HEALTH CAREERS', '7-r', '7-m', '7-w'
'X293', 'B', '2-b', '6-h', 'RENAISSANCE HIGH SCHOOL FOR MUSICAL THEATER & TECHNOLOGY', '7-r', '7-m', '7-w'
'X295', 'D', '3-b', '5-h', 'GATEWAY SCHOOL FOR ENVIRONMENTAL RESEARCH AND TECHNOLOGY', '8-r', '7-m', '7-w'
'X297', 'B', '2-b', '7-h', 'MORRIS ACADEMY FOR COLLABORATIVE STUDIES', '7-r', '7-m', '7-w'
'X299', 'C', '3-b', '4-h', '1-wh', 'ASTOR COLLEGIATE ACADEMY', '7-r', '7-m', '7-w'
'X305', 'B', '2-b', '6-h', 'PABLO NERUDA ACADEMY FOR ARCHITECTURE AND WORLD STUDIES', '6-r', '7-m', '6-w'
'X312', 'A', '3-b', '6-h', 'MILLENNIUM ART ACADEMY', '7-r', '8-m', '7-w'
'X329', 'D', '2-b', '6-h', 'DREAMYARD PREPARATORY SCHOOL', '7-r', '7-m', '7-w'
'X332', 'D', '3-b', '5-h', 'HOLCOMBE L. RUCKER SCHOOL OF COMMUNITY RESEARCH', '7-r', '7-m', '7-w'
'X334', 'A', '2-b', '7-h', 'INTERNATIONAL COMMUNITY HIGH SCHOOL', '6-r', '6-m', '6-w'
'X368', 'C', '1-b', '8-h', 'INsTECH ACADEMY (M.S. / HIGH SCHOOL 368)', '7-r', '8-m', '7-w'
'X374', 'A', '3-b', '5-h', 'KNOWLEDGE AND POWER PREPARATORY ACADEMY INTERNATIONAL HIGH SCHOOL (KAPPA)', '7-r', '8-m', '7-w'
'X397', 'None', '1-b', '7-h', 'ENGLISH LANGUAGE LEARNERS AND INTERNATIONAL SUPPORT PREPARATORY ACADEMY (ELLIS)', '6-r', '7-m', '6-w'
'X403', 'A', '2-b', '7-h', 'BRONX INTERNATIONAL HIGH SCHOOL', '6-r', '6-m', '6-w'
'X404', 'B', '3-b', '6-h', 'SCHOOL FOR EXCELLENCE', '7-r', '7-m', '7-w'
'X405', 'F', '2-b', '6-h', 'HERBERT H. LEHMAN HIGH SCHOOL', '8-r', '8-m', '7-w'
'X412', 'C', '3-b', '5-h', 'BRONX HIGH SCHOOL OF BUSINESS', '7-r', '7-m', '7-w'
'X413', 'C', '3-b', '5-h', 'BRONX HIGH SCHOOL FOR MEDICAL SCIENCE', '8-r', '8-m', '8-w'
'X414', 'C', '2-b', '7-h', 'JONATHAN LEVIN HIGH SCHOOL FOR MEDIA AND COMMUNICATIONS', '7-r', '7-m', '7-w'
'X415', 'None', '3-b', '4-h', '1-wh', 'CHRISTOPHER COLUMBUS HIGH SCHOOL', '7-r', '7-m', '7-w'
'X418', 'C', '2-b', '6-h', 'BRONX HIGH SCHOOL FOR THE VISUAL ARTS', '8-r', '8-m', '8-w'
'X427', 'C', '3-b', '6-h', 'COMMUNITY SCHOOL FOR SOCIAL JUSTICE', '7-r', '7-m', '7-w'
'X433', 'B', '2-b', '7-h', 'HIGH SCHOOL FOR TEACHING AND THE PROFESSIONS', '7-r', '7-m', '7-w'
'X434', 'A', '2-b', '6-h', 'BELMONT PREPARATORY HIGH SCHOOL', '8-r', '8-m', '8-w'
'X437', 'A', '3-b', '6-h', 'FORDHAM HIGH SCHOOL FOR THE ARTS', '7-r', '7-m', '7-w'
'X438', 'D', '2-b', '6-h', 'FORDHAM LEADERSHIP ACADEMY FOR BUSINESS AND TECHNOLOGY', '7-r', '7-m', '7-w'
'X439', 'B', '3-b', '6-h', 'BRONX HIGH SCHOOL FOR LAW AND COMMUNITY SERVICE', '7-r', '7-m', '7-w'
'X440', 'F', '3-b', '5-h', 'DEWITT CLINTON HIGH SCHOOL', '8-r', '8-m', '8-w'
'X442', 'C', '2-b', '6-h', 'CELIA CRUZ BRONX HIGH SCHOOL OF MUSIC  THE', '8-r', '8-m', '8-w'
'X445', 'A', '6-a', '2-wh', 'BRONX HIGH SCHOOL OF SCIENCE', '12-r', '13-m', '12-w'
'X452', 'B', '3-b', '6-h', 'BRONX GUILD', '7-r', '7-m', '7-w'
'X455', 'B', '5-b', '4-h', 'HARRY S TRUMAN HIGH SCHOOL', '7-r', '7-m', '7-w'
'X473', 'B', '2-b', '7-h', 'MOTT HAVEN VILLAGE PREPARATORY HIGH SCHOOL', '7-r', '7-m', '7-w'
'X475', 'None', '3-b', '6-h', 'JOHN F. KENNEDY HIGH SCHOOL', '7-r', '7-m', '6-w'
'X477', 'A', '1-a', '2-b', '5-h', 'MARBLE HILL HIGH SCHOOL FOR INTERNATIONAL STUDIES', '8-r', '8-m', '8-w'
'X480', 'None', '4-b', '5-h', 'BRONX REGIONAL HIGH SCHOOL', '7-r', '7-m', '7-w'
'X495', 'A', '1-b', '7-h', 'UNIVERSITY HEIGHTS SECONDARY SCHOOL', '8-r', '7-m', '8-w'
'X500', 'B', '2-b', '7-h', 'HOSTOSsLINCOLN ACADEMY OF SCIENCE', '8-r', '8-m', '8-w'
'X505', 'C', '3-b', '6-h', 'BRONX SCHOOL FOR LAW  GOVERNMENT AND JUSTICE', '8-r', '8-m', '8-w'
'X513', 'B', '1-a', '1-b', '7-h', 'NEW WORLD HIGH SCHOOL', '6-r', '7-m', '6-w'
'X514', 'C', '5-b', '3-h', 'THE BRONXWOOD PREPARATORY ACADEMY', '7-r', '7-m', '7-w'
'X517', 'B', '5-b', '4-h', 'FREDERICK DOUGLASS ACADEMY III SECONDARY SCHOOL', '7-r', '7-m', '7-w'
'X519', 'B', '2-b', '7-h', 'FELISA RINCON DE GAUTIER INSTITUTE FOR LAW AND PUBLIC POLICY  THE', '7-r', '7-m', '7-w'
'X520', 'C', '2-b', '6-h', 'FOREIGN LANGUAGE ACADEMY OF GLOBAL STUDIES', '7-r', '7-m', '7-w'
'X525', 'B', '4-b', '5-h', 'BRONX LEADERSHIP ACADEMY HIGH SCHOOL', '7-r', '7-m', '7-w'
'X527', 'B', '4-b', '5-h', 'BRONX LEADERSHIP ACADEMY II HIGH SCHOOL', '7-r', '7-m', '7-w'
'X530', 'C', '3-b', '6-h', 'BANANA KELLY HIGH SCHOOL', '7-r', '7-m', '7-w'
'X540', 'None', '2-b', '6-h', 'SCHOOL FOR COMMUNITY RESEARCH AND LEARNING', '7-r', '8-m', '7-w'
'X541', 'None', '3-b', '5-h', 'GLOBAL ENTERPRISE HIGH SCHOOL', '7-r', '7-m', '7-w'
'X542', 'B', '4-b', '4-h', 'PELHAM PREPARATORY ACADEMY', '8-r', '8-m', '8-w'
'X543', 'A', '3-b', '6-h', 'HIGH SCHOOL FOR VIOLIN AND DANCE', '7-r', '6-m', '7-w'
'X544', 'A', '3-b', '5-h', 'HIGH SCHOOL FOR CONTEMPORARY ARTS', '7-r', '7-m', '7-w'
'X545', 'Pending', '2-b', '7-h', 'BRONX AEROSPACE HIGH SCHOOL', '7-r', '7-m', '7-w'
'X546', 'C', '2-b', '6-h', 'BRONX THEATRE HIGH SCHOOL', '6-r', '7-m', '7-w'
'X547', 'B', '3-b', '6-h', 'NEW EXPLORERS HIGH SCHOOL', '7-r', '7-m', '7-w'
'X548', 'A', '2-b', '7-h', 'URBAN ASSEMBLY SCHOOL FOR CAREERS IN SPORTS', '7-r', '8-m', '7-w'
'X549', 'A', '2-b', '7-h', 'DISCOVERY HIGH SCHOOL', '7-r', '7-m', '7-w'
'X550', 'B', '1-b', '8-h', 'HIGH SCHOOL OF WORLD CULTURES', '6-r', '6-m', '6-w'
'X551', 'A', '3-b', '6-h', 'BRONX ACADEMY OF LETTERS', '8-r', '7-m', '8-w'
'X560', 'None', '3-b', '6-h', 'HIGH SCHOOL X560 s BRONX ACADEMY HIGH SCHOOL', '8-r', '7-m', '7-w'
'X600', 'C', '3-b', '6-h', 'ALFRED E. SMITH CAREER AND TECHNICAL EDUCATION HIGH SCHOOL', '7-r', '8-m', '7-w'
'X650', 'F', '3-b', '6-h', 'JANE ADDAMS HIGH SCHOOL FOR ACADEMIC CAREERS', '7-r', '7-m', '7-w'
'X655', 'F', '3-b', '6-h', 'SAMUEL GOMPERS CAREER AND TECHNICAL EDUCATION HIGH SCHOOL', '7-r', '8-m', '7-w'
'X660', 'F', '3-b', '6-h', 'GRACE DODGE CAREER AND TECHNICAL EDUCATION HIGH SCHOOL', '7-r', '7-m', '7-w'
'X670', 'B', '3-b', '5-h', 'HEALTH OPPORTUNITIES HIGH SCHOOL', '7-r', '7-m', '7-w'
'X682', 'A', '3-b', '6-h', 'FANNIE LOU HAMER FREEDOM HIGH SCHOOL', '6-r', '6-m', '6-w'
'X684', 'C', '5-b', '4-h', 'WINGS ACADEMY', '7-r', '7-m', '7-w'
'X690', 'None', '2-b', '6-h', 'MONROE ACADEMY FOR BUSINESS/LAW', '7-r', '7-m', '7-w'
'X692', 'B', '2-b', '7-h', 'MONROE ACADEMY FOR VISUAL ARTS & DESIGN', '6-r', '7-m', '6-w'
'X696', 'A', '1-a', '1-b', '1-h', '5-wh', 'HIGH SCHOOL OF AMERICAN STUDIES AT LEHMAN COLLEGE', '12-r', '12-m', '12-w'
'K520', 'None', '8-b', '1-h', 'PACIFIC HIGH SCHOOL', '7-r', '6-m', '6-w'
'K553', 'A', '8-b', '1-h', 'BROOKLYN ACADEMY HIGH SCHOOL', '8-r', '7-m', '7-w'
'K564', 'C', '3-b', '6-h', 'BUSHWICK COMMUNITY HIGH SCHOOL', '7-r', '6-m', '7-w'
'K575', 'C', '8-b', '1-h', 'BEDFORD STUYVESANT PREPARATORY HIGH SCHOOL', '7-r', '7-m', '7-w'
'K635', 'C', '8-b', '1-h', 'OLYMPUS ACADEMY', '8-r', '7-m', '7-w'
'K643', 'A', '8-b', '1-h', 'BROOKLYN DEMOCRACY ACADEMY', '6-r', '6-m', '6-w'
'K646', 'D', '7-b', '2-h', 'ASPIRATIONS DIPLOMA PLUS HIGH SCHOOL', '6-r', '7-m', '6-w'
'K647', 'A', '8-b', '1-h', 'METROPOLITAN DIPLOMA PLUS HIGH SCHOOL', '7-r', '6-m', '6-w'
'K698', 'B', '2-b', '7-h', 'SOUTH BROOKLYN COMMUNITY HIGH SCHOOL', '8-r', '8-m', '8-w'
'K728', 'A', '4-b', '3-h', '1-wh', 'LIBERATION DIPLOMA PLUS', '8-r', '7-m', '7-w'
'M285', 'B', '6-b', '3-h', 'HARLEM RENAISSANCE HIGH SCHOOL', '7-r', '6-m', '6-w'
'M313', 'C', '3-b', '5-h', 'JAMES BALDWIN SCHOOL  THE: A SCHOOL FOR EXPEDITIONARY LEARNING', '8-r', '7-m', '7-w'
'M394', 'None', '6-a', '2-h', 'EMMA LAZARUS HIGH SCHOOL', '6-r', '1', '7-w'
'M404', 'None', '4-a', '3-b', '1-h', 'INNOVATION DIPLOMA PLUS', '8-r', '8-m', '7-w'
'M458', 'None', '3-b', '5-h', 'FORSYTH SATELLITE ACADEMY', '8-r', '8-m', '7-w'
'M505', 'C', '3-b', '6-h', 'EDWARD A. REYNOLDS WEST SIDE HIGH SCHOOL', '8-r', '7-m', '7-w'
'M544', 'C', '3-b', '5-h', 'INDEPENDENCE HIGH SCHOOL', '7-r', '7-m', '6-w'
'M550', 'A', '2-a', '1-b', '4-h', '1-wh', 'LIBERTY HIGH SCHOOL ACADEMY FOR NEWCOMERS', '7-r', '8-m', '7-w'
'M560', 'C', '3-b', '3-h', '1-wh', 'HIGH SCHOOL M560 s CITY AS SCHOOL', '9-r', '8-m', '9-w'
'M565', 'B', '3-b', '3-h', '2-wh', 'URBAN ACADEMY LABORATORY HIGH SCHOOL', '1', '1', '1'
'M570', 'A', '3-b', '5-h', 'SATELLITE ACADEMY HIGH SCHOOL', '7-r', '6-m', '6-w'
'M575', 'B', '3-a', '3-b', '2-h', 'MANHATTAN COMPREHENSIVE NIGHT AND DAY HIGH SCHOOL', '6-r', '1', '6-w'
'M586', 'C', '3-b', '3-h', '1-wh', 'HARVEY MILK HIGH SCHOOL', '9-r', '8-m', '8-w'
'M605', 'B', '2-b', '5-h', '1-wh', 'HUMANITIES PREPARATORY ACADEMY', '8-r', '8-m', '8-w'
'M650', 'A', '4-b', '4-h', 'CASCADES HIGH SCHOOL', '8-r', '8-m', '8-w'
'Q338', 'None', '6-b', '1-h', '1-wh', 'QUEENS SATELLITE HIGH SCHOOL FOR OPPORTUNITY', '8-r', '8-m', '7-w'
'Q540', 'C', '1-a', '4-b', '3-h', 'QUEENS ACADEMY HIGH SCHOOL', '7-r', '7-m', '7-w'
'Q792', 'B', '1-a', '4-b', '3-h', '1-wh', 'NORTH QUEENS COMMUNITY HIGH SCHOOL', '7-r', '8-m', '7-w'
'R470', 'A', '3-b', '3-h', '1-wh', 'CONCORD HIGH SCHOOL', '9-r', '9-m', '8-w'
'X321', 'C', '4-b', '5-h', 'CROTONA ACADEMY HIGH SCHOOL', '7-r', '7-m', '7-w'
'X377', 'B', '3-b', '6-h', 'BRONX COMMUNITY HIGH SCHOOL', '7-r', '7-m', '7-w'
'X446', 'None', '4-b', '5-h', 'ARTURO A. SCHOMBURG SATELLITE ACADEMY BRONX', '7-r', '7-m', '6-w'
'X480', 'C', '4-b', '5-h', 'BRONX REGIONAL HIGH SCHOOL', '7-r', '7-m', '7-w'
'X560', 'None', '3-b', '6-h', 'HIGH SCHOOL X560 s BRONX ACADEMY HIGH SCHOOL', '8-r', '7-m', '7-w'
'K071', 'A', '1-b', '7-h', 'JHS 071 JUAN MOREL CAMPOS ', '7-r', '7-m', '6-w'
'K265', 'A', '7-b', '2-h', 'Dr Susan S McKinney Secondary School of the Arts ', '7-r', '7-m', '7-w'
'K393', 'C', '8-b', '1-h', 'Frederick Douglass Academy IV Seconday School ', '8-r', '8-m', '8-w'
'K409', 'A', '6-b', '3-h', 'EAST NEW YORK FAMILY ACADEMY ', '8-r', '8-m', '8-w'
'K429', 'A', '5-b', '4-h', 'BROOKLYN SCHOOL GLOBAL STUDIES ', '7-r', '7-m', '7-w'
'K448', 'B', '3-b', '4-h', '1-wh', 'Brooklyn Secondary Sch for Collaborative Studies ', '7-r', '7-m', '7-w'
'K462', 'A', '5-b', '3-h', 'Secondary School for Law  Journalism and Research ', '8-r', '8-m', '7-w'
'K463', 'A', '4-b', '4-h', 'SECONDARY SCHOOL JOURNALISM ', '7-r', '7-m', '7-w'
'K464', 'A', '3-b', '4-h', 'SECONDARY SCHOOL FOR RESEARCH ', '7-r', '7-m', '7-w'
'K497', 'A', '4-b', '3-h', '1-wh', 'SCHOOL INTERNATIONAL STUDIES ', '8-r', '8-m', '7-w'
'K554', 'A', '1-b', '8-h', 'ALL CITY LEADERSHIP SECONDARY ', '7-r', '8-m', '7-w'
'K555', 'B', '8-b', '1-h', 'Brooklyn College Academy High School ', '9-r', '9-m', '8-w'
'K690', 'A', '1-a', '1-b', '2-h', '5-wh', 'BROOKLYN STUDIO SECONDARY SCH ', '8-r', '8-m', '8-w'
'K697', 'A', '8-b', '1-h', 'TEACHERS PREPARATORY SCHOOL ', '7-r', '7-m', '7-w'
'M047', 'None', '3-b', '5-h', 'AMERICAN SIGN LANG ENG DUAL ', '8-r', '8-m', '7-w'
'M292', 'B', '1-a', '2-b', '5-h', 'Henry Street School for International Studies ', '7-r', '8-m', '7-w'
'M407', 'B', '1-b', '2-h', '5-wh', 'Institute for Collaborative Education ', '9-r', '9-m', '9-w'
'M408', 'B', '2-b', '1-h', '4-wh', 'Professional Performng Arts School ', '9-r', '9-m', '9-w'
'M413', 'A', '1-a', '2-b', '2-h', '3-wh', 'SCHOOL OF THE FUTURE ', '9-r', '9-m', '9-w'
'M415', 'A', '6-b', '3-h', 'WADLEIGH SECONDARY SCHOOL ', '7-r', '7-m', '7-w'
'M450', 'A', '2-b', '5-h', 'East Side Community High School ', '8-r', '8-m', '8-w'
'M469', 'A', '7-b', '2-h', 'CHOIR ACADEMY OF HARLEM ', '8-r', '7-m', '8-w'
'M635', 'None', '3-b', '6-h', 'Academy of Environment Science Secondary School ', '7-r', '7-m', '7-w'
'M499', 'A', '7-b', '2-h', 'FREDERICK DOUGLASS ACADEMY ', '9-r', '9-m', '9-w'
'M539', 'A', '2-a', '1-b', '1-h', '4-wh', 'New Explorations into Sci  Tech and Math HS ', '11-r', '11-m', '11-w'
'M610', 'B', '3-b', '5-h', 'YOUNG WOMEN LEADERSHIP SCHOOL ', '9-r', '8-m', '9-w'
'M655', 'B', '3-b', '6-h', 'LIFE SCIENCES SECONDARY SCHOOL ', '7-r', '7-m', '7-w'
'M670', 'B', '7-b', '2-h', 'THURGOOD MARSHALL ACADEMY ', '8-r', '8-m', '8-w'
'M860', 'A', '7-b', '1-h', 'FREDERICK DOUGLAS ACADEMY II ', '8-r', '8-m', '8-w'
'Q262', 'A', '5-b', '2-h', 'CHANNEL VIEW SCHOOL FOR RESEARCH ', '9-r', '8-m', '8-w'
'Q281', 'A', '5-a', '1-b', '2-h', 'EAST WEST SCHOOL OF INTERNATIONAL STUDIE ', '8-r', '9-m', '8-w'
'Q283', 'A', '7-b', '1-h', 'PREPARATORY ACADEMY FOR WRITERS ', '8-r', '8-m', '7-w'
'Q285', 'A', '1-a', '1-b', '2-h', '4-wh', 'WORLD JOURNALISM PREPARATORY SCHOOL ', '8-r', '8-m', '8-w'
'Q560', 'B', '1-a', '5-h', '1-wh', 'ROBERT F WAGNER JR SECONDARY ', '8-r', '8-m', '8-w'
'Q580', 'B', '2-a', '2-h', '4-wh', 'BACCALAUREATE SCH GLOBAL EDUC ', '11-r', '11-m', '11-w'
'Q680', 'B', '3-a', '4-b', '1-h', 'Queens Gateway to Health Sciences Secondary Schoo ', '1', '1', '1'
'R080', 'B', '1-b', '1-h', '5-wh', 'MICHAEL J PETRIDES SCHOOL ', '1', '1', '1'
'X141', 'B', '1-b', '4-h', '2-wh', 'RIVERDALE KINGSBRIDGE ACADEMY ', '9-r', '9-m', '9-w'
'X221', 'A', '3-b', '6-h', 'SOUTH BRONX PREPARATORY ', '7-r', '7-m', '7-w'
'X225', 'A', '2-b', '6-h', 'Theatre Arts Production Company School ', '7-r', '7-m', '7-w'
'X237', 'None', '3-b', '6-h', 'Marie Curie HS for Nur  Med and Allied Health Prof ', '7-r', '7-m', '7-w'
'X245', 'C', '4-b', '5-h', 'NEW DAY ACADEMY ', '7-r', '6-m', '7-w'
'X250', 'None', '4-b', '5-h', 'EXIMIUS COLLEGE PREP ACADEMY ', '8-r', '7-m', '7-w'
'X243', 'A', '2-b', '6-h', 'WEST BRONX ACADEMY FOR FUTURE ', '7-r', '7-m', '7-w'
'X270', 'A', '6-b', '3-h', 'Academy for Scholarship and Entrepreneurship ', '7-r', '7-m', '7-w'
'X271', 'B', '3-b', '6-h', 'EAST BRONX ACADEMY FOR THE FUTURE ', '8-r', '7-m', '7-w'
'X282', 'None', '5-b', '4-h', "YOUNG WOMEN'S LEADERSHIP SCH BRONX CMP ", '7-r', '8-m', '7-w'
'X368', 'A', '1-b', '8-h', 'Information Technology Academy ', '8-r', '8-m', '7-w'
'X413', 'A', '4-b', '4-h', 'HIGH SCHOOL MEDICAL SCIENCES ', '8-r', '9-m', '8-w'
'X517', 'C', '5-b', '4-h', 'Frederick Douglass Academy III Secondary School ', '7-r', '8-m', '8-w'
'X500', 'A', '2-b', '7-h', 'HOSTOS-LINCOLN ACADEMY SCIENCE ', '9-r', '9-m', '9-w'
'X505', 'B', '3-b', '6-h', 'BRONX SCH LAW GOVMT & JUSTICE ', '8-r', '7-m', '8-w'
'X551', 'A', '3-b', '6-h', 'Bronx Academy of Letters ', '8-r', '8-m', '8-w'
'K071', 'C', '1-b', '7-h', 'JHS 071 JUAN MOREL CAMPOS ', '7-r', '7-m', '6-w'
'K265', 'B', '7-b', '2-h', 'Dr Susan S McKinney Secondary School of the Arts ', '7-r', '7-m', '7-w'
'K322', 'C', '8-b', '1-h', 'FOUNDATIONS ACADEMY ', '7-r', '7-m', '7-w'
'K337', 'A', '2-a', '2-b', '3-h', '1-wh', 'International High School at LaFayette ', '7-r', '7-m', '7-w'
'K344', 'B', '1-a', '2-b', '2-h', '3-wh', 'Rachel Carson High School for Coastal Studies ', '8-r', '9-m', '8-w'
'K348', 'A', '6-b', '2-h', 'HIGH SCHOOL OF SPORTS MANAGEMENT ', '7-r', '8-m', '7-w'
'K350', 'B', '7-b', '2-h', 'Urban Assembly School of Music and Art ', '7-r', '7-m', '7-w'
'K393', 'D', '8-b', '1-h', 'Frederick Douglass Academy IV Seconday School ', '8-r', '8-m', '8-w'
'K400', 'None', '2-a', '3-b', '2-h', 'LAFAYETTE HIGH SCHOOL ', '6-r', '7-m', '6-w'
'K403', 'None', '2-b', '7-h', 'ACADEMY OF ENVIRONMENTAL LEADERSHIP ', '7-r', '7-m', '7-w'
'K404', 'None', '5-b', '3-h', 'ACADEMY FOR YOUNG WRITERS ', '7-r', '7-m', '7-w'
'K405', 'B', '3-a', '3-b', '1-h', '2-wh', 'Midwood High School at Brooklyn College ', '9-r', '1', '9-w'
'K408', 'None', '8-b', '1-h', 'ACADEMY OF HOSPITALITY AND TOURISM ', '8-r', '8-m', '7-w'
'K409', 'B', '6-b', '3-h', 'EAST NEW YORK FAMILY ACADEMY ', '8-r', '8-m', '8-w'
'K410', 'B', '1-a', '3-b', '2-h', '2-wh', 'ABRAHAM LINCOLN HIGH SCHOOL ', '7-r', '8-m', '7-w'
'K412', 'None', '8-b', '1-h', 'BROOKLYN COMMUNITY HIGH SCHOOL ', '7-r', '7-m', '7-w'
'K419', 'D', '8-b', '1-h', 'Science Skills Center High School ', '8-r', '8-m', '8-w'
'K420', 'None', '2-b', '6-h', 'FRANKLIN K LANE HIGH SCHOOL ', '7-r', '7-m', '6-w'
'K425', 'B', '1-a', '2-b', '1-h', '4-wh', 'JAMES MADISON HIGH SCHOOL ', '8-r', '9-m', '8-w'
'K429', 'C', '5-b', '4-h', 'BROOKLYN SCHOOL GLOBAL STUDIES ', '7-r', '7-m', '7-w'
'K430', 'A', '5-a', '1-b', '2-wh', 'BROOKLYN TECHNICAL HIGH SCHOOL ', '11-r', '13-m', '11-w'
'K445', 'B', '2-a', '3-h', '3-wh', 'NEW UTRECHT HIGH SCHOOL ', '8-r', '9-m', '8-w'
'K448', 'A', '3-b', '4-h', '1-wh', 'Brooklyn Secondary Sch for Collaborative Studies ', '7-r', '7-m', '7-w'
'K449', 'None', '2-a', '3-b', '2-h', '1-wh', 'BROOKLYN LATIN SCHOOL ', '1', '1', '1'
'K454', 'None', '4-b', '4-h', 'GREEN SCHOOL: AN ACADEMY FOR ENVIRONMEN ', '7-r', '7-m', '7-w'
'K462', 'C', '5-b', '3-h', 'Secondary School for Law  Journalism and Research ', '8-r', '8-m', '7-w'
'K463', 'C', '4-b', '4-h', 'SECONDARY SCHOOL JOURNALISM ', '7-r', '7-m', '7-w'
'K464', 'B', '3-b', '4-h', 'SECONDARY SCHOOL FOR RESEARCH ', '7-r', '7-m', '7-w'
'K474', 'B', '3-b', '6-h', 'Progress High School For Professional Careers ', '7-r', '7-m', '7-w'
'K477', 'D', '6-b', '3-h', 'School for Legal Studies ', '7-r', '7-m', '7-w'
'K478', 'A', '3-b', '5-h', 'Enterprise  Business and Technology High School ', '7-r', '7-m', '7-w'
'K483', 'A', '8-b', '1-h', 'Urban Assembly School of Law and Justice ', '8-r', '8-m', '8-w'
'K485', 'A', '1-a', '1-b', '5-h', '1-wh', 'High School of Telecommunication Arts ', '9-r', '9-m', '8-w'
'K488', 'A', '7-b', '2-h', 'BROOKLYN PREP HIGH SCHOOL ', '7-r', '7-m', '7-w'
'K490', 'B', '2-a', '3-h', '3-wh', 'FORT HAMILTON HIGH SCHOOL ', '8-r', '9-m', '8-w'
'K495', 'C', '1-a', '6-b', '1-h', 'SHEEPSHEAD BAY HIGH SCHOOL ', '7-r', '8-m', '7-w'
'K497', 'A', '4-b', '3-h', '1-wh', 'SCHOOL INTERNATIONAL STUDIES ', '8-r', '8-m', '7-w'
'K498', 'A', '7-b', '2-h', 'Acorn High School for Social Justice ', '7-r', '7-m', '7-w'
'K499', 'B', '8-b', '1-h', 'Acorn Association of Community Organization Return ', '7-r', '7-m', '7-w'
'K500', 'None', '8-b', '1-h', 'CANARSIE HIGH SCHOOL ', '7-r', '7-m', '7-w'
'K502', 'C', '7-b', '1-h', 'FDNY HIGH SCH DOR FIRE & LIFE ', '7-r', '7-m', '7-w'
'K504', 'C', '7-b', '2-h', 'HIGH SCHOOL FOR CIVIL RIGHTS ', '7-r', '7-m', '7-w'
'K505', 'B', '3-a', '3-h', '1-wh', 'Franklin D Roosevelt High School ', '7-r', '9-m', '7-w'
'K507', 'B', '8-b', '1-h', 'PERFORMING ARTS & TECH HIGH SCHOOL ', '7-r', '7-m', '7-w'
'K509', 'C', '8-b', '1-h', 'FREEDOM ACADEMY ', '8-r', '7-m', '8-w'
'K510', 'B', '8-b', '1-h', 'World Acad for Total Community Health ', '7-r', '7-m', '7-w'
'K519', 'B', '7-b', '2-h', 'COBBE HILL SCHOOL AMERICAN STD ', '7-r', '7-m', '7-w'
'K520', 'None', '8-b', '1-h', 'PACIFIC HIGH SCHOOL ', '7-r', '7-m', '6-w'
'K524', 'A', '2-a', '2-b', '3-h', '1-wh', 'International High School @Prospect Hgt ', '6-r', '6-m', '6-w'
'K525', 'B', '2-a', '2-b', '1-h', '3-wh', 'EDWARD R MURROW HIGH SCHOOL ', '9-r', '1', '9-w'
'K528', 'C', '8-b', '1-h', 'HIGH SCHOOL FOR GLOBAL CITIZENSHIP ', '7-r', '7-m', '7-w'
'K530', 'D', '7-b', '1-h', 'METROPOLITAN CORPORATE ACADEMY ', '7-r', '6-m', '6-w'
'K535', 'A', '1-a', '1-b', '6-wh', 'LEON M GOLDSTEIN HIGH SCHOOL ', '1', '11-m', '11-w'
'K537', 'C', '8-b', '1-h', 'HS FOR YOUTH CMMTY DEVLPMT AT ERASMUS ', '7-r', '7-m', '7-w'
'K540', 'C', '3-a', '3-b', '2-h', '1-wh', 'JOHN DEWEY HIGH SCHOOL ', '8-r', '9-m', '7-w'
'K544', 'D', '8-b', '1-h', 'INTERNATIONAL ARTS BUSINESS HS ', '7-r', '7-m', '7-w'
'K545', 'C', '1-b', '8-h', 'EBC High School for Public Service - Bushwick ', '7-r', '7-m', '7-w'
'K546', 'A', '8-b', '1-h', 'HIGH SCHOOL FOR PUBLIC SERVICE ', '8-r', '8-m', '8-w'
'K547', 'C', '8-b', '1-h', 'Brooklyn High School for Science and the Environ ', '7-r', '7-m', '7-w'
'K548', 'B', '8-b', '1-h', 'BROOKLYN HS MUSIC AND THEATER ', '7-r', '7-m', '7-w'
'K549', 'A', '3-b', '6-h', 'BUSHWICK HS FOR SOCIAL JUSTICE ', '7-r', '7-m', '7-w'
'K552', 'B', '3-b', '6-h', 'Academy of Urban Planning ', '7-r', '7-m', '7-w'
'K553', 'None', '8-b', '1-h', 'BROOKLYN ACADEMY HIGH SCHOOL ', '8-r', '7-m', '7-w'
'K554', 'A', '1-b', '8-h', 'ALL CITY LEADERSHIP SECONDARY ', '7-r', '8-m', '7-w'
'K555', 'A', '8-b', '1-h', 'Brooklyn College Academy High School ', '9-r', '9-m', '8-w'
'K556', 'B', '1-b', '8-h', 'Bushwick Leaders High School for Academic Excel ', '7-r', '6-m', '7-w'
'K558', 'A', '4-b', '4-h', 'Williamsburg High School for Architecture & Design ', '7-r', '7-m', '7-w'
'K561', 'A', '3-b', '5-h', '1-wh', 'WILLIAMSBURG PREP ', '7-r', '7-m', '7-w'
'K568', 'None', '8-b', '1-h', 'BROWNSVILLE ACADEMY HIGH SCHOOL ', '7-r', '7-m', '7-w'
'K575', 'None', '8-b', '1-h', 'Bedford Stuyvesant Street Academy High School ', '7-r', '7-m', '7-w'
'K605', 'B', '7-b', '1-h', 'George Westinghouse Vocational Technical HS ', '7-r', '7-m', '7-w'
'K610', 'B', '6-b', '2-h', 'AUTOMOTIVE HIGH SCHOOL ', '7-r', '7-m', '6-w'
'K615', 'B', '7-b', '2-h', 'East New York High School of Transit Technology ', '8-r', '8-m', '8-w'
'K620', 'C', '7-b', '1-h', 'William E. Grady Vocational Technical High School ', '7-r', '7-m', '7-w'
'K645', 'None', '5-b', '4-h', 'EBC High School for Public Service - East New York ', '7-r', '7-m', '7-w'
'K656', 'B', '7-b', '2-h', 'Brooklyn High School of the Arts ', '8-r', '8-m', '8-w'
'K659', 'None', '1-a', '1-b', '6-h', 'CYPRESS HILLS COLLEGIATE PREPARATORY SCH ', '7-r', '8-m', '7-w'
'K660', 'D', '7-b', '2-h', 'William H Maxwell Voc High School ', '7-r', '7-m', '7-w'
'K685', 'A', '1-b', '8-h', 'El Puente Academy for Peace and Justice ', '7-r', '7-m', '7-w'
'K690', 'B', '1-a', '1-b', '2-h', '5-wh', 'BROOKLYN STUDIO SECONDARY SCH ', '8-r', '8-m', '8-w'
'K697', 'A', '8-b', '1-h', 'TEACHERS PREPARATORY SCHOOL ', '7-r', '7-m', '7-w'
'K698', 'None', '2-b', '6-h', 'South Brooklyn Community High School ', '7-r', '7-m', '7-w'
'M047', 'A', '3-b', '5-h', 'AMERICAN SIGN LANG ENG DUAL ', '8-r', '8-m', '7-w'
'M283', 'B', '4-b', '4-h', 'MANHATTAN THEATRE LAB HIGH SCHOOL ', '8-r', '7-m', '7-w'
'M288', 'A', '4-b', '4-h', 'FOOD AND FNANCE HIGH SCHOOL ', '8-r', '8-m', '8-w'
'M292', 'B', '1-a', '2-b', '5-h', 'Henry Street School for International Studies ', '7-r', '8-m', '7-w'
'M294', 'A', '2-b', '5-h', 'HIGH SCHOOL FOR HIST AND COMM ', '7-r', '7-m', '7-w'
'M296', 'A', '3-b', '5-h', 'High School of Hospitality Management ', '7-r', '8-m', '7-w'
'M298', 'A', '1-a', '3-b', '4-h', 'PACE HIGH SCHOOL ', '8-r', '8-m', '8-w'
'M299', 'B', '4-b', '5-h', 'High School For Arts  Imagination And Inquiry ', '7-r', '7-m', '7-w'
'M300', 'A', '2-b', '6-h', 'Urban Assembly School of Design and Construction ', '8-r', '8-m', '8-w'
'M303', 'A', '3-b', '6-h', 'The Facing History School ', '7-r', '7-m', '7-w'
'M304', 'C', '3-b', '6-h', 'MOTT HALL HIGH SCHOOL ', '8-r', '8-m', '8-w'
'M305', 'B', '4-b', '5-h', 'Urban Assembly Academy of Government and Law ', '8-r', '8-m', '8-w'
'M307', 'C', '4-b', '5-h', 'Urban Assembly School For Media Studies ', '7-r', '7-m', '7-w'
'M308', 'A', '3-b', '5-h', 'LOWER MANHATTAN ARTS ACADEMY ', '8-r', '7-m', '8-w'
'M316', 'A', '4-b', '5-h', 'Urban Assembly School of Business for Young Women ', '8-r', '8-m', '7-w'
'M369', 'None', '5-b', '3-h', 'URBAN ASSEMBLY SCHOOL FOR THE PERFORMIN ', '6-r', '7-m', '7-w'
'M374', 'None', '4-b', '4-h', 'GRAMERCY ARTS HIGH SCHOOL ', '7-r', '7-m', '7-w'
'M400', 'B', '1-a', '1-b', '5-h', '1-wh', 'HIGH SCHOOL ENVRNMNTL STUDIES ', '9-r', '9-m', '8-w'
'M407', 'A', '1-b', '2-h', '5-wh', 'Institute for Collaborative Education ', '9-r', '9-m', '9-w'
'M408', 'A', '2-b', '1-h', '4-wh', 'Professional Performng Arts School ', '9-r', '9-m', '9-w'
'M409', 'C', '3-b', '6-h', 'COALITION SCH SOCIAL CHANGE ', '7-r', '7-m', '7-w'
'M411', 'A', '5-a', '1-h', '2-wh', 'Baruch College Campus High School ', '1', '11-m', '1'
'M412', 'A', '2-a', '1-h', '4-wh', 'New York City Laboratory School Collab Studies ', '11-r', '11-m', '11-w'
'M413', 'A', '1-a', '2-b', '2-h', '3-wh', 'SCHOOL OF THE FUTURE ', '9-r', '9-m', '9-w'
'M414', 'A', '2-a', '1-b', '3-h', '1-wh', 'NEW YORK CITY MUSEUM SCHOOL ', '9-r', '8-m', '8-w'
'M415', 'A', '6-b', '3-h', 'WADLEIGH SECONDARY SCHOOL ', '7-r', '7-m', '7-w'
'M416', 'A', '1-a', '6-wh', 'ELEANOR ROOSEVELT HIGH SCHOOL ', '11-r', '11-m', '11-w'
'M418', 'A', '2-a', '1-b', '2-h', '3-wh', 'Millennium High School ', '1', '11-m', '1'
'M419', 'C', '2-b', '7-h', 'LANDMARK SCHOOL ', '7-r', '7-m', '7-w'
'M420', 'C', '1-a', '2-b', '5-h', 'HIGH SCHOOL HLTH PROF HUMAN ', '8-r', '9-m', '8-w'
'M425', 'C', '3-b', '5-h', 'HIGH SCHOOL LEADERSHIP PUB SVC ', '8-r', '8-m', '8-w'
'M429', 'D', '4-b', '4-h', 'LEGACY SCH INTEGRATED STUDIES ', '7-r', '7-m', '7-w'
'M435', 'B', '1-a', '2-b', '5-h', 'Manhattan Center for Science and Math ', '9-r', '1', '9-w'
'M439', 'A', '2-b', '6-h', 'MANHATTAN VILLAGE ACADEMY ', '9-r', '9-m', '9-w'
'M440', 'None', '2-b', '6-h', 'Bayard Rustin High School Humanities ', '7-r', '7-m', '7-w'
'M448', 'D', '1-a', '2-b', '4-h', 'University Neighborhood High School ', '7-r', '8-m', '7-w'
'M449', 'A', '2-b', '5-h', 'VANGUARD HIGH SCHOOL ', '7-r', '7-m', '7-w'
'M450', 'A', '2-b', '5-h', 'East Side Community High School ', '8-r', '8-m', '8-w'
'M459', 'A', '2-a', '1-b', '4-h', '1-wh', 'MANHATTAN INTERNATIONAL HIGH SCHOOL ', '8-r', '9-m', '8-w'
'M460', 'C', '3-b', '6-h', 'WASHINGTON IRVING HIGH SCHOOL ', '7-r', '7-m', '7-w'
'M467', 'A', '1-b', '8-h', 'High School for Law and Public Service ', '7-r', '7-m', '7-w'
'M469', 'D', '7-b', '2-h', 'CHOIR ACADEMY OF HARLEM ', '8-r', '7-m', '8-w'
'M470', 'None', '2-b', '6-h', 'LOUIS D BRANDEIS HIGH SCHOOL ', '7-r', '7-m', '6-w'
'M475', 'A', '6-a', '2-wh', 'STUYVESANT HIGH SCHOOL ', '13-r', '14-m', '13-w'
'M479', 'A', '1-b', '2-h', '5-wh', 'BEACON SCHOOL ', '11-r', '11-m', '11-w'
'M485', 'A', '1-a', '1-b', '1-h', '4-wh', 'LAGUARDIA HIGH SCH MUSIC ART ', '11-r', '11-m', '11-w'
'M489', 'B', '2-a', '2-b', '3-h', '1-wh', 'HS of Economics And Finance ', '9-r', '1', '9-w'
'M494', 'A', '3-b', '5-h', 'Martin Luther King Jr HS Arts and Technology ', '8-r', '8-m', '7-w'
'M495', 'A', '4-b', '5-h', 'PARK EAST HIGH SCHOOL ', '7-r', '7-m', '7-w'
'M499', 'C', '7-b', '2-h', 'FREDERICK DOUGLASS ACADEMY ', '9-r', '9-m', '9-w'
'M500', 'A', '3-b', '5-h', 'UNITY HIGH SCHOOL ', '7-r', '7-m', '7-w'
'M505', 'None', '3-b', '6-h', 'Edward A. Reynolds West Side High School ', '8-r', '8-m', '7-w'
'M519', 'A', '3-b', '3-h', '1-wh', 'TALENT UNLIMITED HIGH SCHOOL ', '9-r', '9-m', '9-w'
'M520', 'D', '1-a', '3-b', '5-h', 'MURRY BERGTRAUM HIGH SCHOOL ', '8-r', '8-m', '7-w'
'M529', 'C', '2-b', '6-h', 'Jacqueline Kennedy Onassis High School ', '8-r', '8-m', '7-w'
'M531', 'A', '4-b', '4-h', 'NEW YORK CITY PUB SCH REP COMP ', '8-r', '8-m', '7-w'
'M539', 'A', '2-a', '1-b', '1-h', '4-wh', 'New Explorations into Sci  Tech and Math HS ', '11-r', '11-m', '11-w'
'M540', 'B', '3-b', '6-h', 'A Philip Randolph Campus High School ', '8-r', '9-m', '8-w'
'M541', 'A', '2-a', '1-b', '3-h', '1-wh', 'MANHATTAN/HUNTER COLL HS SCI ', '9-r', '1', '9-w'
'M543', 'A', '3-b', '5-h', 'NEW DESIGN HIGH SCHOOL ', '7-r', '7-m', '7-w'
'M544', 'None', '3-b', '5-h', 'INDEPENDENCE HIGH SCHOOL ', '8-r', '8-m', '7-w'
'M550', 'None', '2-a', '1-b', '3-h', '1-wh', 'Liberty High School Academy for Newcomers ', '6-r', '9-m', '7-w'
'M551', 'A', '3-b', '5-h', 'New York Harbor High School ', '7-r', '7-m', '7-w'
'M555', 'A', '3-b', '5-h', 'CENTRAL PARK SECONDARY SCHOOL ', '7-r', '7-m', '7-w'
'M560', 'None', '3-b', '3-h', '1-wh', 'City as School ', '9-r', '8-m', '8-w'
'M565', 'None', '3-b', '2-h', '2-wh', 'URBAN ACADEMY ', '1', '9-m', '1'
'M570', 'None', '4-b', '5-h', 'Satellite Academy High School ', '8-r', '6-m', '7-w'
'M575', 'None', '3-a', '3-b', '2-h', 'Manhattan Comprehensive Night Day High School ', '7-r', '9-m', '6-w'
'M580', 'B', '3-b', '5-h', 'Richard R Green High School of Teaching ', '8-r', '8-m', '8-w'
'M586', 'None', '3-b', '6-h', 'HARVEY MILK SCHOOL ', '8-r', '7-m', '8-w'
'M600', 'A', '3-b', '5-h', 'HIGH SCHOOL FASHION INDUSTRIES ', '8-r', '8-m', '8-w'
'M605', 'None', '2-b', '5-h', '1-wh', 'HUMANITIES PREPARATORY ACADEMY ', '8-r', '8-m', '8-w'
'M610', 'A', '3-b', '5-h', 'YOUNG WOMEN LEADERSHIP SCHOOL ', '9-r', '8-m', '9-w'
'M615', 'C', '3-b', '5-h', 'Chelsea Career and Technical Education High School ', '7-r', '8-m', '7-w'
'M620', 'D', '2-b', '6-h', 'NORMAN THOMAS HIGH SCHOOL ', '7-r', '7-m', '7-w'
'M625', 'C', '3-b', '6-h', 'HS of Graphic Commnctn And Art ', '7-r', '7-m', '7-w'
'M630', 'B', '2-b', '5-h', '1-wh', 'HIGH SCHOOL OF ART AND DESIGN ', '8-r', '8-m', '8-w'
'M635', 'D', '3-b', '6-h', 'Academy of Environment Science Secondary School ', '7-r', '7-m', '7-w'
'M650', 'None', '3-b', '5-h', 'CASCADES HIGH SCHOOL ', '8-r', '8-m', '8-w'
'M655', 'B', '3-b', '6-h', 'LIFE SCIENCES SECONDARY SCHOOL ', '7-r', '7-m', '7-w'
'M670', 'B', '7-b', '2-h', 'THURGOOD MARSHALL ACADEMY ', '8-r', '8-m', '8-w'
'M680', 'A', '2-b', '6-h', 'HERITAGE SCHOOL ', '7-r', '7-m', '7-w'
'M685', 'C', '5-b', '4-h', 'Bread & Rose Intergrated Arts High School ', '7-r', '7-m', '7-w'
'M690', 'None', '3-b', '5-h', 'SCHOOL FOR THE PHYSICAL CITY ', '7-r', '8-m', '7-w'
'M692', 'A', '2-a', '1-b', '2-h', '2-wh', 'High School For Math Science Engineering City Coll ', '11-r', '12-m', '11-w'
'M695', 'None', '5-b', '4-h', 'URBAN PEACE ACADEMY ', '7-r', '7-m', '7-w'
'M696', 'B', '1-a', '1-b', '1-h', '4-wh', 'BARD HIGH SCHOOL EARLY COLLEGE ', '12-r', '12-m', '12-w'
'M860', 'C', '7-b', '1-h', 'FREDERICK DOUGLAS ACADEMY II ', '8-r', '8-m', '8-w'
'Q260', 'B', '6-b', '1-h', 'FREDERICK DOUGLASS ACADEMY VI ', '7-r', '7-m', '7-w'
'Q262', 'A', '5-b', '2-h', 'CHANNEL VIEW SCHOOL FOR RESEARCH ', '9-r', '8-m', '8-w'
'Q263', 'A', '4-a', '4-h', 'FLUSHING INTERNATIONAL HIGH SCHOOL ', '6-r', '8-m', '6-w'
'Q264', 'A', '1-a', '1-b', '5-h', '1-wh', 'ACADEMY OF FINANCE AND ENTERPRISE ', '8-r', '8-m', '8-w'
'Q267', 'A', '1-a', '1-b', '5-h', '1-wh', 'High School of Applied Communication ', '8-r', '8-m', '8-w'
'Q272', 'A', '7-b', '1-h', 'GEORGE WASHINGTON CARVER HS ', '8-r', '8-m', '8-w'
'Q281', 'None', '5-a', '1-b', '2-h', 'EAST WEST SCHOOL OF INTERNATIONAL STUDIE ', '8-r', '9-m', '8-w'
'Q283', 'None', '7-b', '1-h', 'PREPARATORY ACADEMY FOR WRITERS ', '8-r', '8-m', '7-w'
'Q285', 'None', '1-a', '1-b', '2-h', '4-wh', 'WORLD JOURNALISM PREPARATORY SCHOOL ', '8-r', '8-m', '8-w'
'Q299', 'None', '2-a', '1-b', '2-h', '2-wh', 'BARD HIGH SCHOOL EARLY COLLEGE II ', '1', '1', '1'
'Q400', 'C', '7-b', '1-h', 'AUGUST MARTIN HIGH SCHOOL ', '7-r', '7-m', '7-w'
'Q410', 'D', '4-b', '3-h', 'BEACH CHANNEL HIGH SCHOOL ', '7-r', '7-m', '7-w'
'Q415', 'B', '4-a', '1-b', '1-h', '1-wh', 'BENJAMIN CARDOZO HIGH SCHOOL ', '9-r', '11-m', '9-w'
'Q425', 'C', '2-a', '2-b', '4-h', 'JOHN BOWNE HIGH SCHOOL ', '7-r', '8-m', '7-w'
'Q430', 'A', '4-a', '2-h', '1-wh', 'FRANCIS LEWIS HIGH SCHOOL ', '9-r', '1', '9-w'
'Q435', 'C', '2-a', '5-b', '1-h', 'MARTIN VAN BUREN HIGH SCHOOL ', '8-r', '8-m', '7-w'
'Q440', 'A', '2-a', '2-h', '3-wh', 'FOREST HILLS HIGH SCHOOL ', '9-r', '9-m', '9-w'
'Q445', 'B', '2-a', '4-h', '1-wh', 'WILLIAM C BRYANT HIGH SCHOOL ', '8-r', '9-m', '8-w'
'Q450', 'B', '1-a', '1-b', '5-h', '1-wh', 'LONG ISLAND CITY HIGH SCHOOL ', '8-r', '8-m', '8-w'
'Q455', 'C', '2-a', '6-h', 'NEWTOWN HIGH SCHOOL ', '7-r', '8-m', '7-w'
'Q460', 'B', '1-a', '2-b', '5-h', 'FLUSHING HIGH SCHOOL ', '7-r', '7-m', '7-w'
'Q465', 'None', '5-b', '4-h', 'FAR ROCKAWAY HIGH SCHOOL ', '7-r', '7-m', '7-w'
'Q470', 'D', '2-a', '5-b', '1-h', 'JAMAICA HIGH SCHOOL ', '7-r', '8-m', '7-w'
'Q475', 'C', '3-a', '1-b', '4-h', 'RICHMOND HILL HIGH SCHOOL ', '7-r', '8-m', '7-w'
'Q480', 'C', '2-a', '2-b', '3-h', 'JOHN ADAMS HIGH SCHOOL ', '7-r', '8-m', '8-w'
'Q485', 'C', '6-h', '2-wh', 'GROVER CLEVELAND HIGH SCHOOL ', '7-r', '8-m', '7-w'
'Q492', 'C', '7-b', '1-h', 'MATH SCIENCE RESEARCH TECH MAG ', '8-r', '8-m', '8-w'
'Q494', 'B', '8-b', '1-h', 'LAW GOVERNMENT SERVICE MAGNET ', '8-r', '8-m', '7-w'
'Q495', 'B', '4-a', '1-b', '1-h', '1-wh', 'BAYSIDE HIGH SCHOOL ', '9-r', '1', '9-w'
'Q501', 'A', '1-a', '1-b', '2-h', '3-wh', 'Frank Sinatra School of the Arts ', '1', '9-m', '9-w'
'Q502', 'B', '1-a', '1-b', '5-h', '1-wh', 'INFORMATION TECHNOLOGY HIGH SCHOOL ', '8-r', '9-m', '8-w'
'Q505', 'B', '2-a', '4-b', '2-h', 'HILLCREST HIGH SCHOOL ', '7-r', '8-m', '7-w'
'Q520', 'B', '1-b', '6-h', '1-wh', 'MIDDLE COLLEGE HIGH SCHOOL ', '7-r', '8-m', '7-w'
'Q525', 'A', '5-a', '1-h', '2-wh', 'Townsend Harris High School at Queens College ', '12-r', '12-m', '12-w'
'Q530', 'A', '3-a', '4-h', '1-wh', 'INTERNATL HS@LA GUARDIA COMM C ', '7-r', '8-m', '7-w'
'Q540', 'None', '1-a', '4-b', '3-h', 'QUEENS ACADEMY ', '8-r', '7-m', '7-w'
'Q555', 'A', '3-a', '5-h', 'NEWCOMERS HIGH SCHOOL ', '6-r', '8-m', '6-w'
'Q560', 'B', '1-a', '5-h', '1-wh', 'ROBERT F WAGNER JR SECONDARY ', '8-r', '8-m', '8-w'
'Q566', 'B', '2-a', '4-b', '1-h', '1-wh', 'Queens High School-Teaching Liberal Arts Sciences ', '8-r', '9-m', '8-w'
'Q575', 'B', '3-a', '3-h', '2-wh', 'ACADEMY OF AMERICAN STUDIES ', '1', '1', '1'
'Q580', 'A', '2-a', '2-h', '4-wh', 'BACCALAUREATE SCH GLOBAL EDUC ', '11-r', '11-m', '11-w'
'Q600', 'B', '1-a', '7-h', 'Queens Vocational & Tech High School ', '8-r', '8-m', '8-w'
'Q610', 'A', '2-a', '5-h', 'Aviation Career & Technical Education High School ', '8-r', '9-m', '8-w'
'Q620', 'B', '4-a', '2-b', '2-h', 'Thomas Edison Vocational-Technical High School ', '9-r', '9-m', '8-w'
'Q650', 'None', '2-a', '1-b', '3-h', '1-wh', 'HS for Construction Trades  Engineering and Arch ', '8-r', '9-m', '8-w'
'Q670', 'B', '2-a', '1-b', '3-h', '2-wh', 'Robert F Kennedy Community High School ', '8-r', '9-m', '9-w'
'Q680', 'A', '3-a', '4-b', '1-h', 'Queens Gateway to Health Sciences Secondary Schoo ', '1', '1', '1'
'Q687', 'A', '6-a', '1-b', 'QUEENS HS FOR SCIENCE YORK COL ', '12-r', '13-m', '12-w'
'Q690', 'C', '8-b', '1-h', 'High School For Law Enforcement And Public Safety ', '8-r', '8-m', '8-w'
'R080', 'A', '1-b', '1-h', '5-wh', 'MICHAEL J PETRIDES SCHOOL ', '1', '1', '1'
'R440', 'A', '1-b', '2-h', '5-wh', 'NEW DORP HIGH SCHOOL ', '8-r', '8-m', '8-w'
'R445', 'B', '3-b', '3-h', '2-wh', 'PORT RICHMOND HIGH SCHOOL ', '8-r', '8-m', '8-w'
'R450', 'B', '3-b', '3-h', '2-wh', 'CURTIS HIGH SCHOOL ', '8-r', '8-m', '8-w'
'R460', 'B', '1-a', '1-b', '2-h', '5-wh', 'SUSAN E WAGNER HIGH SCHOOL ', '9-r', '9-m', '9-w'
'R470', 'None', '3-b', '3-h', '3-wh', 'CONCORD HIGH SCHOOL ', '9-r', '8-m', '7-w'
'R600', 'A', '4-b', '2-h', '2-wh', 'RALPH MCKEE VOC-TECH HIGH SCH ', '8-r', '8-m', '7-w'
'R605', 'A', '2-a', '6-wh', 'STATEN ISLAND TECHNICAL HIGH SCHOOL ', '12-r', '13-m', '12-w'
'X141', 'A', '1-b', '4-h', '2-wh', 'RIVERDALE KINGSBRIDGE ACADEMY ', '9-r', '9-m', '9-w'
'X213', 'B', '3-b', '6-h', 'BRONX ENGINEERING & TECH ACADEMY ', '7-r', '8-m', '7-w'
'X221', 'A', '3-b', '6-h', 'SOUTH BRONX PREPARATORY ', '7-r', '7-m', '7-w'
'X225', 'A', '2-b', '6-h', 'Theatre Arts Production Company School ', '7-r', '7-m', '7-w'
'X227', 'C', '3-b', '6-h', 'Bronx Expeditionary Learning High School ', '7-r', '7-m', '6-w'
'X231', 'A', '6-b', '3-h', 'Eagle Academy for Young Men ', '7-r', '7-m', '7-w'
'X237', 'A', '3-b', '6-h', 'Marie Curie HS for Nur  Med and Allied Health Prof ', '7-r', '7-m', '7-w'
'X239', 'C', '5-b', '4-h', 'Urban Assembly Academy History & Citizenship ', '7-r', '7-m', '7-w'
'X243', 'B', '2-b', '6-h', 'WEST BRONX ACADEMY FOR FUTURE ', '7-r', '7-m', '7-w'
'X245', 'D', '4-b', '5-h', 'NEW DAY ACADEMY ', '7-r', '6-m', '7-w'
'X248', 'A', '2-b', '6-h', 'METROPOLITAN HIGH SCHOOL ', '6-r', '7-m', '6-w'
'X249', 'A', '4-b', '4-h', 'Bronx Health School High School 11x249 ', '7-r', '7-m', '7-w'
'X250', 'A', '4-b', '5-h', 'EXIMIUS COLLEGE PREP ACADEMY ', '8-r', '7-m', '7-w'
'X251', 'A', '3-b', '6-h', 'EXPLORATIONS ACADEMY ', '7-r', '7-m', '6-w'
'X252', 'A', '3-b', '6-h', 'MOTT HALL BRONX HIGH SCHOOL ', '7-r', '7-m', '7-w'
'X253', 'B', '5-b', '4-h', 'High School For Writing & Communication Arts ', '7-r', '7-m', '7-w'
'X260', 'B', '2-b', '7-h', 'Bronx Center for Science and Mathematics ', '8-r', '9-m', '9-w'
'X262', 'C', '4-b', '5-h', 'Bronx High School Performance & Stage ', '7-r', '7-m', '7-w'
'X263', 'B', '3-b', '5-h', 'VALIDUS PREPARATORY ACADEMY ', '7-r', '6-m', '7-w'
'X265', 'A', '4-b', '5-h', 'BRONX LAB SCHOOL ', '7-r', '7-m', '7-w'
'X270', 'B', '6-b', '3-h', 'Academy for Scholarship and Entrepreneurship ', '7-r', '7-m', '7-w'
'X271', 'A', '3-b', '6-h', 'EAST BRONX ACADEMY FOR THE FUTURE ', '8-r', '7-m', '7-w'
'X275', 'A', '3-b', '5-h', 'High School of Computers and Technology ', '7-r', '8-m', '7-w'
'X276', 'B', '3-b', '5-h', 'LEADERSHIP INSTITUTE ', '7-r', '7-m', '7-w'
'X278', 'F', '3-b', '6-h', 'PEACE & DIVERSITY ACAD HIGH SCHOOL ', '8-r', '8-m', '8-w'
'X282', 'None', '5-b', '4-h', "YOUNG WOMEN'S LEADERSHIP SCH BRONX CMP ", '7-r', '8-m', '7-w'
'X284', 'B', '3-b', '5-h', 'BRONX SCHOOL OF LAW & FINANCE ', '8-r', '7-m', '7-w'
'X288', 'A', '3-b', '4-h', 'Columbus Institute for Math and Science ', '8-r', '9-m', '8-w'
'X290', 'A', '4-b', '4-h', 'BRONX ACAD OF HEALTH CAREERS ', '7-r', '7-m', '7-w'
'X293', 'A', '3-b', '5-h', 'Renaissance High School Music Theater T ', '7-r', '7-m', '7-w'
'X295', 'C', '3-b', '6-h', 'Gateway School for Environmental Research & Tech ', '7-r', '7-m', '7-w'
'X297', 'A', '3-b', '6-h', 'MORRIS ACADEMY FOR COLLABORATIVE STUDIE ', '7-r', '7-m', '7-w'
'X299', 'A', '4-b', '4-h', '1-wh', 'ASTOR COLLEGIATE ACADEMY ', '8-r', '8-m', '7-w'
'X305', 'C', '2-b', '7-h', 'Pablo Neruda Academy Architecture & World Studies ', '7-r', '7-m', '6-w'
'X312', 'A', '3-b', '6-h', 'MILLENNIUM ART ACADEMY ', '7-r', '7-m', '7-w'
'X329', 'None', '3-b', '6-h', 'DREAMYARD PREPARATORY SCHOOL ', '7-r', '8-m', '7-w'
'X332', 'None', '3-b', '5-h', 'HOLCOMBE L. RUCKER SCHOOL OF COMMUNITY ', '7-r', '7-m', '7-w'
'X334', 'None', '2-b', '6-h', 'INTERNATIONAL COMMUNITY HIGH SCHOOL ', '6-r', '6-m', '6-w'
'X368', 'C', '1-b', '8-h', 'Information Technology Academy ', '8-r', '8-m', '7-w'
'X403', 'A', '2-b', '7-h', 'Bronx International High School ', '6-r', '6-m', '6-w'
'X404', 'A', '3-b', '5-h', 'HIGH SCHOOL FOR EXCELLENCE ', '7-r', '7-m', '7-w'
'X405', 'None', '2-b', '6-h', 'HERBERT H LEHMAN HIGH SCHOOL ', '8-r', '8-m', '7-w'
'X412', 'B', '3-b', '6-h', 'BRONX HIGH SCHOOL OF BUSINESS ', '7-r', '7-m', '7-w'
'X413', 'A', '4-b', '4-h', 'HIGH SCHOOL MEDICAL SCIENCES ', '8-r', '9-m', '8-w'
'X414', 'B', '2-b', '7-h', 'Jonathan Levin HS for Media and Communications ', '6-r', '7-m', '7-w'
'X415', 'D', '3-b', '4-h', '1-wh', 'Christopher Columbus High School ', '7-r', '7-m', '7-w'
'X418', 'B', '3-b', '5-h', 'Bronx High School for the Visual Arts ', '8-r', '8-m', '7-w'
'X427', 'B', '3-b', '5-h', 'Community High School Social Justice ', '7-r', '7-m', '7-w'
'X433', 'C', '3-b', '6-h', 'HIGH SCHOOL TEACHING PROFESSNS ', '7-r', '7-m', '7-w'
'X434', 'A', '3-b', '6-h', 'Belmont Preparatory High School ', '7-r', '7-m', '6-w'
'X437', 'A', '4-b', '5-h', 'Fordham High School for the Arts ', '7-r', '7-m', '7-w'
'X438', 'B', '3-b', '5-h', 'Fordham Leadership Academy for Business Technolog ', '7-r', '7-m', '7-w'
'X439', 'C', '3-b', '5-h', 'Bronx High School of Law and Community Service ', '7-r', '8-m', '7-w'
'X440', 'C', '2-b', '6-h', 'DeWitt Clinton High School ', '8-r', '8-m', '8-w'
'X442', 'B', '2-b', '6-h', 'BRONX HIGH SCHOOL OF MUSIC ', '8-r', '8-m', '8-w'
'X445', 'A', '6-a', '2-wh', 'BRONX HIGH SCHOOL OF SCIENCE ', '12-r', '13-m', '12-w'
'X452', 'C', '3-b', '5-h', 'The Bronx Guild High School ', '7-r', '7-m', '7-w'
'X455', 'B', '5-b', '4-h', 'HARRY S TRUMAN HIGH SCHOOL ', '7-r', '7-m', '7-w'
'X473', 'A', '2-b', '7-h', 'Mott Haven Village Preparatory High School ', '6-r', '7-m', '6-w'
'X475', 'C', '3-b', '6-h', 'JOHN F KENNEDY HIGH SCHOOL ', '7-r', '7-m', '7-w'
'X477', 'A', '1-a', '1-b', '6-h', 'MARBLE HILL SCH INTL STUDIES ', '8-r', '8-m', '8-w'
'X478', 'None', '2-b', '6-h', 'YABC AT JOHN F. KENNEDY HIGH SCHOOL ', '7-r', '7-m', '7-w'
'X480', 'None', '4-b', '5-h', 'BRONX REGIONAL HIGH SCHOOL ', '7-r', '7-m', '7-w'
'X495', 'A', '1-b', '7-h', 'UNIVERSITY HEIGHTS HIGH SCHOOL ', '8-r', '7-m', '7-w'
'X500', 'B', '2-b', '7-h', 'HOSTOS-LINCOLN ACADEMY SCIENCE ', '9-r', '9-m', '9-w'
'X505', 'B', '3-b', '6-h', 'BRONX SCH LAW GOVMT & JUSTICE ', '8-r', '7-m', '8-w'
'X513', 'A', '1-b', '7-h', 'NEW WORLD HIGH SCHOOL ', '6-r', '7-m', '6-w'
'X514', 'B', '4-b', '4-h', 'Bronxwood Peparatory Academy ', '7-r', '7-m', '7-w'
'X517', 'B', '5-b', '4-h', 'Frederick Douglass Academy III Secondary School ', '7-r', '8-m', '8-w'
'X519', 'B', '2-b', '7-h', 'Felisa Rincon de Gautier Inst for Law & Pub Policy ', '7-r', '7-m', '7-w'
'X520', 'B', '2-b', '7-h', 'FOREIGN LANGUAGE ACADEMY ', '8-r', '8-m', '8-w'
'X525', 'C', '4-b', '5-h', 'Bronx Leadership Academy High School ', '8-r', '7-m', '7-w'
'X527', 'B', '3-b', '5-h', 'Bronx Leadership Academy II High School ', '7-r', '7-m', '7-w'
'X530', 'C', '3-b', '6-h', 'BANANA KELLY HIGH SCHOOL ', '7-r', '7-m', '7-w'
'X540', 'C', '2-b', '6-h', 'HIGH SCHOOL CMTY RESEARCH LRN ', '7-r', '7-m', '7-w'
'X541', 'C', '4-b', '5-h', 'GLOBAL ENTERPRISE HIGH SCHOOL ', '7-r', '7-m', '7-w'
'X542', 'A', '4-b', '4-h', 'PELHAM PREPARATORY ACADEMY ', '8-r', '8-m', '8-w'
'X543', 'A', '3-b', '6-h', 'HIGH SCHOOL VIOLIN AND DANCE ', '6-r', '7-m', '6-w'
'X544', 'A', '4-b', '5-h', 'High School for the Contemporary Arts ', '7-r', '6-m', '6-w'
'X545', 'A', '2-b', '6-h', 'BRONX AEROSPACE HIGH SCHOOL ', '7-r', '7-m', '7-w'
'X546', 'B', '3-b', '6-h', 'BRONX THEATER HIGH SCHOOL ', '8-r', '7-m', '7-w'
'X547', 'C', '3-b', '6-h', 'NEW EXPLORERS HIGH SCHOOL ', '7-r', '7-m', '7-w'
'X548', 'A', '2-b', '6-h', 'Urban Assembly School for Careers in Sports ', '7-r', '8-m', '7-w'
'X549', 'A', '2-b', '6-h', 'DISCOVERY HIGH SCHOOL ', '6-r', '6-m', '7-w'
'X551', 'A', '3-b', '6-h', 'Bronx Academy of Letters ', '8-r', '8-m', '8-w'
'X560', 'None', '4-b', '5-h', 'BRONX ACADEMY HIGH SCHOOL ', '7-r', '7-m', '7-w'
'X600', 'C', '3-b', '6-h', 'ALFRED E SMITH HIGH SCHOOL ', '7-r', '7-m', '7-w'
'X650', 'C', '3-b', '6-h', 'Jane Addams Vocational High School ', '7-r', '7-m', '7-w'
'X655', 'D', '2-b', '6-h', 'Samuel Gompers Vocational Technical High School ', '7-r', '7-m', '7-w'
'X660', 'D', '3-b', '6-h', 'Grace Dodge Vocational High School ', '7-r', '7-m', '7-w'
'X670', 'C', '3-b', '6-h', 'Health Opportunities High School ', '8-r', '7-m', '7-w'
'X680', 'None', '2-b', '6-h', 'Bronx Coalition Community High School ', '7-r', '7-m', '7-w'
'X682', 'A', '2-b', '6-h', 'Fannie Lou Hamer Freedom High School ', '6-r', '6-m', '6-w'
'X684', 'B', '4-b', '4-h', 'WINGS ACADEMY ', '7-r', '7-m', '7-w'
'X690', 'D', '2-b', '6-h', 'MONROE CAMPUS ', '7-r', '7-m', '7-w'
'X692', 'B', '1-b', '7-h', 'MONROE ACAD VISUAL ARTS DESGN ', '6-r', '6-m', '7-w'
'X696', 'A', '1-a', '1-b', '2-h', '4-wh', 'HS of American Studies at Lehman College ', '12-r', '12-m', '12-w'
'K520', 'F', '8-b', '1-h', 'PACIFIC HIGH SCHOOL ', '7-r', '7-m', '6-w'
'K529', 'A', '1-b', '5-h', '1-wh', 'WEST BROOKLYN COMMUNITY HIGH SCHOOL ', '7-r', '7-m', '7-w'
'K553', 'A', '8-b', '1-h', 'BROOKLYN ACADEMY HIGH SCHOOL ', '8-r', '7-m', '7-w'
'K568', 'A', '8-b', '1-h', 'BROWNSVILLE ACADEMY HIGH SCHOOL ', '7-r', '7-m', '7-w'
'K575', 'A', '8-b', '1-h', 'Bedford Stuyvesant Street Academy High School ', '7-r', '7-m', '7-w'
'K578', 'C', '8-b', '1-h', 'BROOKLYN BRIDGE ACADEMY OF S SHORE ED CO ', '7-r', '7-m', '7-w'
'K616', 'None', '7-b', '2-h', 'Brooklyn High Sch for Leadership Community Svc ', '6-r', '5-m', '6-w'
'K635', 'None', '8-b', '1-h', 'OLYMPUS ACADEMY ', '7-r', '7-m', '7-w'
'K643', 'None', '8-b', '1-h', 'Brooklyn Democracy Academy ', '6-r', '7-m', '6-w'
'K646', 'None', '7-b', '2-h', 'ASPIRATIONS DIPLOMA PLUS HIGH SCHOOL ', '6-r', '6-m', '6-w'
'K647', 'None', '8-b', '1-h', 'METROPOLITAN DIPLOMA PLUS HIGH SCHOOL ', '7-r', '7-m', '7-w'
'K698', 'C', '2-b', '6-h', 'South Brooklyn Community High School ', '7-r', '7-m', '7-w'
'K728', 'A', '4-b', '2-h', '2-wh', 'Liberation Diploma Plus High School ', '8-r', '7-m', '7-w'
'M285', 'D', '6-b', '3-h', 'HARLEM RENAISSANCE HIGH SCHOOL ', '8-r', '7-m', '7-w'
'M313', 'B', '3-b', '5-h', 'The James Baldwin School ', '8-r', '8-m', '7-w'
'M505', 'B', '3-b', '6-h', 'Edward A. Reynolds West Side High School ', '8-r', '8-m', '7-w'
'M544', 'C', '3-b', '5-h', 'INDEPENDENCE HIGH SCHOOL ', '8-r', '8-m', '7-w'
'M550', 'A', '2-a', '1-b', '3-h', '1-wh', 'Liberty High School Academy for Newcomers ', '6-r', '9-m', '7-w'
'M560', 'B', '3-b', '3-h', '1-wh', 'City as School ', '9-r', '8-m', '8-w'
'M565', 'A', '3-b', '2-h', '2-wh', 'URBAN ACADEMY ', '1', '9-m', '1'
'M570', 'C', '4-b', '5-h', 'Satellite Academy High School ', '8-r', '6-m', '7-w'
'M575', 'A', '3-a', '3-b', '2-h', 'Manhattan Comprehensive Night Day High School ', '7-r', '9-m', '6-w'
'M586', 'B', '3-b', '6-h', 'HARVEY MILK SCHOOL ', '8-r', '7-m', '8-w'
'M605', 'B', '2-b', '5-h', '1-wh', 'HUMANITIES PREPARATORY ACADEMY ', '8-r', '8-m', '8-w'
'M650', 'A', '3-b', '5-h', 'CASCADES HIGH SCHOOL ', '8-r', '8-m', '8-w'
'Q540', 'B', '1-a', '4-b', '3-h', 'QUEENS ACADEMY ', '8-r', '7-m', '7-w'
'Q744', 'None', '2-b', '5-h', 'VOYAGES PREPARATORY HIGH SCHOOL ', '8-r', '8-m', '7-w'
'Q792', 'B', '1-a', '3-b', '4-h', '1-wh', 'North Queens Community High School ', '8-r', '8-m', '8-w'
'R470', 'A', '3-b', '3-h', '3-wh', 'CONCORD HIGH SCHOOL ', '9-r', '8-m', '7-w'
'X319', 'A', '3-b', '6-h', 'Providing Urban Learners Success in Education HS ', '6-r', '6-m', '7-w'
'X377', 'B', '3-b', '6-h', 'BRONX COMMUNITY HIGH SCHOOL (X377) ', '8-r', '7-m', '8-w'
'X381', 'None', '4-b', '5-h', 'BRONX HAVEN HIGH SCHOOL ', '6-r', '6-m', '7-w'
'X480', 'A', '4-b', '5-h', 'BRONX REGIONAL HIGH SCHOOL ', '7-r', '7-m', '7-w'
'X560', 'F', '4-b', '5-h', 'BRONX ACADEMY HIGH SCHOOL ', '7-r', '7-m', '7-w'
